Gene,AvgRank,NumNetworks
A2M,2808.95,10
A2ML1,17.75,10
AAGAB,178.0,10
AAR2,3317.55,10
AARD,2611.0,10
AARS1,2297.25,10
ABAT,20.3,10
ABCA12,2164.7,10
ABCA2,1118.05,10
ABCA3,880.0,10
ABCC1,2916.15,10
ABCC11,1010.9,10
ABCC5,1386.7,10
ABCD3,811.15,10
ABCE1,2765.7,10
ABCF1,855.7,10
ABCF2,1340.0,10
ABCG1,1255.1,10
ABHD12,4173.45,10
ABHD14B,2432.85,10
ABHD2,848.85,10
ABHD3,3520.7,10
ABHD4,2616.45,10
ABI1,1202.1,10
ABL1,3757.6,10
ABL2,4079.25,10
ABLIM1,3892.05,10
ABLIM3,300.45,10
ABR,3153.85,10
ABRACL,620.9,10
AC093001.1,3923.75,10
AC093297.2,109.0,10
ACAA1,3778.25,10
ACAA2,2059.5,10
ACACA,3136.3,10
ACACB,1284.7,10
ACADSB,154.15,10
ACAN,28.0,10
ACAT1,4552.9,10
ACIN1,2109.8,10
ACKR1,4009.15,10
ACKR3,1693.3,10
ACLY,3728.65,10
ACOT7,2836.6,10
ACOX2,375.5,10
ACOX3,1884.05,10
ACP1,2419.85,10
ACP5,2642.6,10
ACSF2,1900.5,10
ACSL3,4540.95,10
ACSL4,1301.8,10
ACSL5,3295.2,10
ACSS1,3700.55,10
ACSS3,1948.1,10
ACTB,1214.3,10
ACTG2,267.95,10
ACTL6A,1752.7,10
ACTN1,2273.8,10
ACTN4,1679.3,10
ACTR2,2454.45,10
ACTR3,662.6,10
ACVR1B,617.05,10
ADA2,4197.85,10
ADAM10,4484.6,10
ADAM12,3981.6,10
ADAM15,3108.3,10
ADAM8,4259.2,10
ADAM9,4756.35,10
ADAMTS12,4384.1,10
ADAMTS15,75.1,10
ADAMTS4,2716.75,10
ADCY1,69.3,10
ADCY3,1725.2,10
ADCY5,564.7,10
ADCY6,374.7,10
ADCY9,182.6,10
ADD1,219.3,10
ADGRA2,4421.4,10
ADGRA3,727.4,10
ADGRB2,465.8,10
ADGRE5,895.6,10
ADGRG1,2155.6,10
ADGRG6,2241.8,10
ADGRL2,2361.1,10
ADGRV1,643.6,10
ADH1B,3134.9,10
ADH5,3347.45,10
ADI1,1480.85,10
ADIPOQ,3168.05,10
ADIPOR1,2633.35,10
ADIPOR2,1969.5,10
ADNP,3557.5,10
ADORA1,3264.35,10
ADRA2A,2968.7,10
ADRM1,3507.7,10
ADSL,641.1,10
AEBP1,4061.05,10
AFAP1,4062.4,10
AFAP1L2,2285.2,10
AFF1,886.9,10
AFF3,51.2,10
AFF4,755.0,10
AFG3L2,1333.7,10
AFMID,3093.8,10
AFTPH,1108.3,10
AGAP3,3190.25,10
AGFG1,2292.5,10
AGL,1050.5,10
AGO2,1020.65,10
AGPAT1,3697.95,10
AGPS,3771.4,10
AGR2,274.3,10
AGR3,1.0,10
AGRN,4455.45,10
AGTR1,11.75,10
AHCTF1,3276.0,10
AHCYL1,1146.05,10
AHCYL2,3749.7,10
AHDC1,3039.05,10
AHNAK,1271.25,10
AHNAK2,2219.7,10
AHSA1,3116.05,10
AHSA2P,3252.8,10
AIF1L,1003.95,10
AIG1,1457.7,10
AIMP1,2368.7,10
AK2,1073.85,10
AK4,3945.1,10
AK5,2347.35,10
AKAP11,2401.75,10
AKAP12,3211.7,10
AKAP9,2031.5,10
AKIRIN1,1848.4,10
AKNA,3194.65,10
AKR1B1,1258.4,10
AKR1C3,2296.85,10
AKR7A2,1764.2,10
AKR7A3,55.45,10
AKT3,1751.75,10
AL035661.1,201.7,10
ALAD,579.9,10
ALB,20.6,10
ALCAM,1690.7,10
ALDH1A3,1187.1,10
ALDH1B1,2262.95,10
ALDH3A2,2437.2,10
ALDH3B2,2332.55,10
ALDH4A1,3248.65,10
ALDH5A1,4044.3,10
ALDH6A1,397.9,10
ALDOA,3724.5,10
ALDOC,4255.15,10
ALG3,1514.3,10
ALG8,4636.7,10
ALKBH7,4618.05,10
ALPL,613.0,10
ALYREF,1125.7,10
AMD1,979.0,10
AMFR,687.3,10
AMIGO2,833.8,10
AMOT,3842.7,10
AMOTL1,2280.8,10
AMZ2,3250.6,10
ANAPC13,2172.35,10
ANGPTL4,1196.65,10
ANKFY1,3278.7,10
ANKH,2293.0,10
ANKLE2,4019.7,10
ANKRD11,866.7,10
ANKRD12,3698.5,10
ANKRD27,1467.25,10
ANKRD28,4151.95,10
ANKRD30A,61.9,10
ANKRD40,3089.4,10
ANKRD50,1495.8,10
ANKRD52,2585.1,10
ANKS1A,2094.9,10
ANLN,749.45,10
ANO1,1350.6,10
ANO6,3350.05,10
ANOS1,2445.5,10
ANP32B,774.5,10
ANP32E,215.9,10
ANPEP,2941.45,10
ANTXR1,4898.25,10
ANXA1,861.0,10
ANXA2,3397.5,10
ANXA3,925.6,10
ANXA4,2681.0,10
ANXA5,1990.6,10
ANXA6,1663.7,10
ANXA7,3125.05,10
ANXA9,64.4,10
AOC3,3056.5,10
AP001972.5,1222.7,10
AP1B1,3350.4,10
AP1G1,4250.85,10
AP1G2,1464.7,10
AP1M2,3025.3,10
AP1S1,3520.4,10
AP2A2,3629.1,10
AP2B1,1939.8,10
AP2M1,2056.25,10
AP3B1,731.1,10
AP3D1,3691.05,10
AP3M1,2594.25,10
AP3M2,4395.9,10
AP3S1,4241.5,10
APBB2,125.8,10
APC,1909.3,10
APEH,1042.1,10
APH1A,3485.1,10
APLP1,3335.75,10
APLP2,4669.05,10
APMAP,2503.6,10
APOBEC3C,2118.25,10
APOC1,4592.45,10
APOD,4142.3,10
APOE,3312.55,10
APOL1,4055.9,10
APOL6,2792.5,10
APOLD1,3637.8,10
APP,1987.25,10
APPBP2,2928.55,10
APPL1,2952.45,10
APPL2,199.9,10
APRT,4431.45,10
AQP5,1477.1,10
AQR,1179.9,10
AR,746.8,10
AREG,417.5,10
ARF1,3857.8,10
ARF3,483.8,10
ARF5,3138.9,10
ARF6,3549.95,10
ARFGAP2,3826.65,10
ARFGAP3,2488.0,10
ARFGEF1,2614.95,10
ARFGEF2,2929.75,10
ARFGEF3,1369.75,10
ARFIP1,954.3,10
ARFIP2,424.8,10
ARGLU1,3974.7,10
ARHGAP1,1333.1,10
ARHGAP12,3660.8,10
ARHGAP21,685.3,10
ARHGAP30,2234.9,10
ARHGAP31,2227.95,10
ARHGAP32,864.8,10
ARHGAP35,787.3,10
ARHGAP4,4191.25,10
ARHGEF1,2208.0,10
ARHGEF10L,2499.6,10
ARHGEF11,4028.8,10
ARHGEF12,2117.95,10
ARHGEF17,3721.4,10
ARHGEF19,1831.3,10
ARHGEF2,1663.0,10
ARHGEF3,1226.1,10
ARHGEF37,3024.8,10
ARHGEF40,3932.7,10
ARHGEF6,3777.35,10
ARHGEF7,3488.3,10
ARID1A,2850.35,10
ARID2,1627.3,10
ARID4B,3305.4,10
ARID5A,3032.8,10
ARL1,964.0,10
ARL3,484.75,10
ARL4C,785.3,10
ARL5B,1001.7,10
ARL6IP5,3940.9,10
ARL8B,2776.7,10
ARMC1,4566.75,10
ARMCX1,3463.8,10
ARMCX2,4591.2,10
ARMCX3,2358.1,10
ARMT1,98.3,10
ARNT2,1225.85,10
ARPC1A,2497.45,10
ARPC1B,1702.8,10
ARPC2,1002.4,10
ARPC4,3222.45,10
ARPC5,654.3,10
ARPC5L,2105.85,10
ARPIN,4140.8,10
ARPP19,1728.6,10
ARRB1,1060.3,10
ARRDC1,2882.2,10
ARSD,1213.85,10
ARSG,72.5,10
ASAH1,763.2,10
ASAP1,3026.0,10
ASB13,1922.35,10
ASCC2,3460.5,10
ASF1B,2389.8,10
ASH1L,3737.5,10
ASH2L,2292.95,10
ASNS,802.05,10
ASPH,3990.6,10
ASPM,1063.3,10
ASPN,1652.45,10
ASS1,1851.25,10
ASTN2,1152.5,10
ASXL1,2298.6,10
ATAD1,2971.4,10
ATAD2,3539.85,10
ATE1,2082.7,10
ATF4,1525.8,10
ATF5,2953.4,10
ATF6,3237.4,10
ATG16L1,501.95,10
ATG2B,564.8,10
ATG9A,969.3,10
ATIC,4464.95,10
ATL2,246.1,10
ATMIN,4152.8,10
ATN1,3600.35,10
ATP11A,568.4,10
ATP11B,3359.95,10
ATP13A2,3535.5,10
ATP13A3,4420.45,10
ATP1A1,2645.35,10
ATP1B3,1306.5,10
ATP2A3,2863.15,10
ATP2B1,4603.8,10
ATP2C1,1820.1,10
ATP5F1C,970.0,10
ATP5MC2,2001.8,10
ATP5MC3,1892.05,10
ATP5MD,3698.3,10
ATP5MF,2020.2,10
ATP5MG,2632.2,10
ATP5PB,3734.45,10
ATP5PF,3574.9,10
ATP5PO,3653.5,10
ATP6AP1,1559.4,10
ATP6AP2,2450.55,10
ATP6V0A1,1232.1,10
ATP6V0C,2835.45,10
ATP6V0E1,4596.8,10
ATP6V1C1,3953.8,10
ATP6V1D,3845.1,10
ATP6V1E1,4357.8,10
ATP6V1F,3555.9,10
ATP6V1G1,1607.8,10
ATP6V1H,3760.1,10
ATP7B,127.95,10
ATP8B1,269.2,10
ATP8B2,3022.9,10
ATP9A,2994.25,10
ATPAF1,2721.2,10
ATRN,4112.0,10
ATRX,3287.4,10
ATXN1,3074.5,10
ATXN10,3771.55,10
ATXN1L,4135.35,10
ATXN2L,3618.85,10
ATXN7L3B,3650.6,10
AUP1,3267.35,10
AURKA,2093.9,10
AURKAIP1,4373.4,10
AUTS2,4611.25,10
AVL9,2735.0,10
AXL,4184.9,10
AZGP1,4081.9,10
B2M,4213.35,10
B3GALT5,4479.2,10
B4GALT2,1029.45,10
B4GALT3,3534.8,10
B4GALT5,2214.8,10
BACE2,1581.1,10
BACH1,3619.35,10
BAG1,2870.05,10
BAG3,2789.5,10
BAG4,2913.85,10
BAG6,1270.05,10
BAIAP2,3122.2,10
BAIAP2L1,1434.7,10
BAIAP3,88.1,10
BANF1,3776.4,10
BARX2,1958.8,10
BAX,2686.4,10
BAZ1A,4060.95,10
BAZ1B,3348.3,10
BAZ2A,522.15,10
BAZ2B,3124.95,10
BBX,3828.3,10
BCAM,2472.65,10
BCAP29,4004.3,10
BCAR3,2467.1,10
BCAS1,139.6,10
BCAS4,524.8,10
BCAT1,1801.5,10
BCAT2,1614.45,10
BCKDK,2087.1,10
BCL2,531.7,10
BCL2L1,930.3,10
BCL2L11,1980.4,10
BCL9,3660.85,10
BCOR,1368.1,10
BCR,2283.9,10
BDP1,2083.6,10
BECN1,517.8,10
BET1L,2171.3,10
BEX4,3632.1,10
BGN,4378.45,10
BHLHE40,1043.3,10
BICDL2,4291.25,10
BIRC2,2028.4,10
BIRC3,2040.2,10
BIRC5,1751.15,10
BLCAP,4389.1,10
BLVRA,1290.55,10
BLVRB,3081.9,10
BMERB1,295.3,10
BMI1,1757.7,10
BMP1,2512.0,10
BMPR1B,32.35,10
BMPR2,3684.8,10
BMS1,1119.7,10
BNIP3L,1365.4,10
BNIPL,2604.5,10
BOC,1048.2,10
BOD1,3570.45,10
BOD1L1,2305.5,10
BOP1,1357.0,10
BPIFB1,4176.65,10
BPIFB2,1926.5,10
BPTF,4280.4,10
BRD2,4274.1,10
BRD3,2101.8,10
BRD4,2741.65,10
BRD7,2557.0,10
BRD8,648.75,10
BRI3,677.8,10
BRI3BP,3738.85,10
BROX,4067.2,10
BRPF3,3305.3,10
BRWD1,2826.2,10
BSDC1,2383.5,10
BTBD3,1055.9,10
BTF3,434.5,10
BTF3L4,2110.25,10
BTG1,4693.6,10
BTG2,836.8,10
BTG3,337.0,10
BTN3A1,3162.9,10
BTN3A2,2593.7,10
BTRC,321.9,10
BUB1,689.9,10
BUD23,2856.0,10
BZW1,1771.6,10
C11orf24,3132.7,10
C11orf58,1236.6,10
C12orf49,2975.75,10
C14orf132,1515.3,10
C15orf39,1477.8,10
C15orf48,2091.8,10
C16orf72,1151.7,10
C17orf58,629.6,10
C19orf33,4320.2,10
C19orf48,3084.85,10
C1GALT1,949.8,10
C1QA,2236.2,10
C1QB,2530.9,10
C1QBP,3069.95,10
C1QC,2581.0,10
C1QTNF1,1811.95,10
C1QTNF3,2660.6,10
C1R,2399.7,10
C1RL,3192.5,10
C1S,2241.55,10
C1orf115,4182.05,10
C1orf116,3711.35,10
C1orf122,4641.15,10
C1orf198,942.25,10
C1orf21,592.3,10
C1orf226,1356.7,10
C2,3405.0,10
C20orf27,2384.45,10
C2CD3,4324.45,10
C2CD5,3664.0,10
C3,2484.7,10
C3orf14,1642.95,10
C4A,323.9,10
C4B,327.2,10
C5AR2,7.4,10
C5orf15,259.3,10
C5orf24,723.35,10
C5orf38,848.05,10
C6orf141,3717.15,10
C6orf62,3834.75,10
C9orf152,641.65,10
C9orf16,3936.85,10
CA12,49.7,10
CA2,677.4,10
CAB39L,1053.6,10
CACFD1,986.95,10
CACNA1D,225.3,10
CACNA1H,138.0,10
CACNA2D2,108.1,10
CACNG4,752.4,10
CACUL1,4093.25,10
CACYBP,2049.9,10
CAD,724.7,10
CADM1,3458.85,10
CADPS2,2980.95,10
CALB2,137.9,10
CALCOCO1,894.0,10
CALCOCO2,2338.5,10
CALD1,3287.0,10
CALM2,4067.25,10
CALML5,1693.35,10
CALR,1514.6,10
CALU,1200.4,10
CAMK1D,1902.3,10
CAMK2N1,1367.6,10
CAMSAP3,3533.7,10
CAMTA2,1704.2,10
CAND1,3905.35,10
CANT1,1911.8,10
CANX,4320.1,10
CAP2,1423.65,10
CAPG,3574.85,10
CAPN1,3456.35,10
CAPN13,2126.25,10
CAPN15,4388.35,10
CAPN2,4337.15,10
CAPN6,101.5,10
CAPN8,241.0,10
CAPS,3498.45,10
CAPZA1,3663.8,10
CARHSP1,3563.15,10
CARM1,2008.2,10
CARMIL1,3292.6,10
CARS1,3326.2,10
CARS2,2471.4,10
CASD1,508.5,10
CASP2,1243.6,10
CASP4,2973.4,10
CASP7,2379.0,10
CASZ1,616.5,10
CAV2,1909.7,10
CBFB,498.2,10
CBR1,1604.6,10
CBX2,1108.4,10
CBX4,1040.05,10
CCAR2,4059.7,10
CCDC124,3152.7,10
CCDC125,56.05,10
CCDC14,1636.35,10
CCDC170,4.2,10
CCDC186,4222.8,10
CCDC47,4241.7,10
CCDC50,1651.7,10
CCDC57,2674.8,10
CCDC74A,75.95,10
CCDC88A,843.9,10
CCDC88C,1870.65,10
CCL19,3048.0,10
CCL2,3002.65,10
CCL5,1577.1,10
CCM2,3173.45,10
CCN2,4253.6,10
CCNA2,858.6,10
CCNB1,2194.4,10
CCNB2,622.0,10
CCNC,1928.9,10
CCND1,1000.65,10
CCND2,1193.1,10
CCND3,2597.2,10
CCNG1,1547.05,10
CCNG2,520.7,10
CCNI,2681.5,10
CCNL1,3117.9,10
CCNT1,1729.75,10
CCNY,442.65,10
CCP110,2204.35,10
CCSER2,2804.8,10
CCT2,4411.6,10
CCT3,2199.4,10
CCT4,963.05,10
CCT5,1890.8,10
CCT6A,2297.7,10
CCT7,2358.4,10
CCT8,2540.8,10
CD109,2197.7,10
CD14,954.9,10
CD163,1978.0,10
CD164,3469.1,10
CD248,3478.3,10
CD276,4137.0,10
CD2BP2,2127.1,10
CD320,3214.5,10
CD34,3583.1,10
CD36,3565.2,10
CD37,2653.25,10
CD3E,2513.4,10
CD4,2834.8,10
CD44,4768.8,10
CD46,691.55,10
CD47,2291.5,10
CD52,1563.5,10
CD53,2466.6,10
CD59,3416.15,10
CD74,4212.3,10
CD82,1142.55,10
CD99,4762.95,10
CD99L2,3719.25,10
CDC123,398.0,10
CDC20,242.45,10
CDC25B,1131.3,10
CDC34,3062.9,10
CDC37,3815.2,10
CDC42,2498.2,10
CDC42BPB,1076.95,10
CDC42BPG,1405.9,10
CDC42EP1,481.0,10
CDC42EP3,2738.4,10
CDC42EP4,3021.4,10
CDC42SE1,3133.2,10
CDC5L,2439.85,10
CDCA5,1198.0,10
CDCA8,304.05,10
CDCP1,2626.5,10
CDH1,3766.6,10
CDH11,4115.7,10
CDH3,243.1,10
CDH5,4460.7,10
CDIPT,3080.25,10
CDK1,2046.75,10
CDK14,3658.5,10
CDK16,1663.65,10
CDK17,343.8,10
CDK19,3937.2,10
CDK2AP1,313.9,10
CDK5RAP3,4047.9,10
CDK6,312.2,10
CDK9,3962.0,10
CDKN1B,3172.75,10
CDKN2A,108.35,10
CDKN2B,1470.05,10
CDON,1338.8,10
CDR2L,3474.5,10
CDS1,1007.5,10
CDS2,1483.0,10
CDYL2,466.35,10
CEACAM1,1508.9,10
CEACAM5,1163.1,10
CEACAM6,2074.5,10
CEBPB,417.35,10
CEBPD,4697.5,10
CEBPG,1038.95,10
CEBPZ,2191.0,10
CELF2,2319.8,10
CELSR1,145.4,10
CELSR2,1353.4,10
CENPF,1256.9,10
CENPU,3802.5,10
CEP55,658.6,10
CERK,2682.0,10
CERS2,1001.9,10
CERS4,852.5,10
CERS6,438.4,10
CERT1,218.6,10
CETN2,2591.55,10
CFAP97,1957.85,10
CFB,1935.0,10
CFD,1094.8,10
CFDP1,2299.8,10
CFL1,3346.85,10
CFLAR,1288.8,10
CGGBP1,1145.6,10
CGN,2527.6,10
CGNL1,2603.25,10
CHAD,262.7,10
CHCHD3,1157.4,10
CHD1,1308.5,10
CHD1L,986.6,10
CHD2,3301.9,10
CHD3,1971.85,10
CHD6,1061.7,10
CHD7,2094.2,10
CHD8,1208.0,10
CHDH,2457.5,10
CHI3L1,340.15,10
CHI3L2,246.95,10
CHIT1,1175.9,10
CHKA,3490.45,10
CHML,1856.3,10
CHMP1A,2723.3,10
CHMP1B,2383.5,10
CHMP2A,2855.1,10
CHMP4B,4091.75,10
CHMP4C,1736.9,10
CHMP5,2281.6,10
CHMP7,4005.85,10
CHP1,3970.7,10
CHPF,4233.7,10
CHPF2,3333.0,10
CHRAC1,1696.5,10
CHRD,112.4,10
CHST1,2635.6,10
CHST11,1482.5,10
CHST15,630.8,10
CHST3,349.5,10
CHTOP,3706.3,10
CHURC1,1275.9,10
CIAO2B,2469.05,10
CIAO3,3134.85,10
CIB1,2801.5,10
CIC,4564.1,10
CIITA,1987.7,10
CILP,2516.85,10
CIPC,367.75,10
CIRBP,404.55,10
CISD3,4158.4,10
CISH,292.25,10
CITED2,2254.5,10
CIZ1,4256.05,10
CKAP2,2367.5,10
CKAP4,2743.55,10
CKAP5,3183.4,10
CKB,2713.3,10
CKS1B,657.05,10
CKS2,1601.6,10
CLASP1,3813.85,10
CLASP2,1628.8,10
CLCN3,2441.5,10
CLCN7,1886.5,10
CLDN1,670.4,10
CLDN12,1865.35,10
CLDN3,4389.7,10
CLDN4,2825.55,10
CLGN,1014.55,10
CLIC1,3020.8,10
CLIC4,1871.1,10
CLIC6,685.05,10
CLIP1,4453.2,10
CLK1,2544.4,10
CLK2,4116.2,10
CLMP,4058.65,10
CLN3,2658.6,10
CLN6,3052.05,10
CLOCK,3734.4,10
CLPTM1L,3079.8,10
CLSTN1,4660.05,10
CLSTN2,80.0,10
CLSTN3,3329.65,10
CLTA,1413.45,10
CLTB,3469.2,10
CLTC,2870.2,10
CLUH,1594.7,10
CMAS,1601.0,10
CMBL,329.15,10
CMPK1,1081.4,10
CMPK2,2452.25,10
CMTM7,654.8,10
CMYA5,867.1,10
CNBP,2536.45,10
CNIH1,1922.85,10
CNN2,3057.9,10
CNN3,3420.05,10
CNNM4,1431.2,10
CNOT1,3652.4,10
CNOT2,2748.5,10
CNOT6,3861.75,10
CNOT6L,3024.55,10
CNOT8,1052.65,10
CNOT9,974.4,10
CNP,2924.1,10
CNPY3,3702.7,10
CNST,795.8,10
CNTNAP2,1180.75,10
COA3,2820.8,10
COASY,1345.1,10
COBLL1,3365.4,10
COG1,1865.2,10
COG2,273.65,10
COG4,2958.0,10
COL10A1,2088.8,10
COL11A1,3813.75,10
COL12A1,4016.9,10
COL14A1,3655.55,10
COL16A1,4288.75,10
COL17A1,3563.75,10
COL18A1,4614.8,10
COL27A1,915.5,10
COL2A1,2741.65,10
COL4A1,4458.8,10
COL4A2,2712.85,10
COL4A5,1950.8,10
COL5A2,4490.1,10
COL5A3,3420.2,10
COL6A2,3676.25,10
COL6A3,4125.2,10
COL7A1,1933.9,10
COL8A2,3139.8,10
COL9A2,4042.3,10
COL9A3,50.7,10
COLEC12,2100.3,10
COLGALT1,266.3,10
COMMD3,3086.3,10
COMMD6,4566.9,10
COP1,1950.6,10
COPA,3732.7,10
COPB1,2067.9,10
COPG2,2963.45,10
COPS2,4371.6,10
COPS3,2322.75,10
COPS9,2601.6,10
COPZ1,806.9,10
COQ4,1216.45,10
COQ8A,2877.55,10
COQ9,2358.4,10
CORO1A,2159.0,10
CORO1B,3231.5,10
CORO1C,556.5,10
CORO2A,812.45,10
COTL1,465.2,10
COX4I1,2988.7,10
COX5A,2427.75,10
COX5B,3605.9,10
COX6B1,3561.4,10
COX6C,552.0,10
COX7B,3021.35,10
COX7C,3346.3,10
CP,4186.85,10
CPA3,376.6,10
CPB1,24.5,10
CPD,2435.15,10
CPE,2411.9,10
CPEB2,222.85,10
CPEB4,1040.05,10
CPLANE1,4474.8,10
CPM,3371.6,10
CPNE3,3487.7,10
CPQ,2728.8,10
CPSF1,3471.55,10
CPSF3,1221.55,10
CPT1A,1706.3,10
CPTP,2934.7,10
CPXM1,2364.8,10
CRABP1,1870.5,10
CRACR2B,2900.1,10
CRAT,1865.5,10
CREB3L1,1951.4,10
CREB3L2,1031.55,10
CREB3L4,1044.5,10
CREBBP,2134.55,10
CREBL2,1629.65,10
CREG1,2882.9,10
CRELD2,3276.85,10
CRIM1,3138.95,10
CRIP2,2991.25,10
CRISP3,4578.45,10
CRISPLD1,2048.3,10
CRNKL1,946.15,10
CROT,867.2,10
CRTAP,3077.75,10
CRTC2,1504.9,10
CRTC3,3744.75,10
CRY2,389.8,10
CRYAB,188.7,10
CRYZ,2637.3,10
CSAD,691.4,10
CSDE1,3138.55,10
CSE1L,4604.25,10
CSF1,3825.05,10
CSF1R,3224.7,10
CSF3R,3505.95,10
CSK,705.45,10
CSNK1A1,661.3,10
CSNK1D,2896.9,10
CSNK1E,3051.6,10
CSNK1G2,2907.1,10
CSNK2A2,530.2,10
CSNK2B,2806.9,10
CSPG4,599.2,10
CSRNP1,3240.5,10
CSRNP2,1437.2,10
CSRP1,4660.8,10
CSTB,2057.2,10
CTBP2,3506.6,10
CTCF,3162.0,10
CTDNEP1,2256.4,10
CTDSP1,1303.9,10
CTDSP2,2713.05,10
CTDSPL,1650.3,10
CTIF,4295.0,10
CTNNA1,947.9,10
CTNNB1,4277.2,10
CTNNBIP1,1690.0,10
CTNND1,3820.4,10
CTNND2,2530.4,10
CTPS1,227.05,10
CTPS2,2862.35,10
CTR9,661.0,10
CTSB,3463.35,10
CTSC,805.4,10
CTSF,2365.95,10
CTSH,4385.5,10
CTSL,2931.1,10
CTSO,1265.55,10
CTSS,2012.95,10
CTSZ,3126.0,10
CTTN,3662.0,10
CUEDC1,2679.4,10
CUL1,993.7,10
CUL3,1007.95,10
CUL7,3852.1,10
CUTA,4037.2,10
CUX1,3699.4,10
CWC15,2200.65,10
CX3CL1,1011.9,10
CXADR,822.2,10
CXCL10,503.95,10
CXCL11,1104.6,10
CXCL12,3671.9,10
CXCL13,2726.7,10
CXCL14,460.05,10
CXCL16,456.3,10
CXCL9,2784.35,10
CXCR4,2139.2,10
CXXC5,149.7,10
CYB561,3655.35,10
CYB5A,960.9,10
CYB5B,2992.7,10
CYB5R1,424.85,10
CYB5R3,2483.9,10
CYBA,2012.5,10
CYBB,2470.8,10
CYBRD1,778.2,10
CYC1,3555.65,10
CYCS,2511.65,10
CYFIP2,2478.9,10
CYP1B1,2520.2,10
CYP27A1,2729.9,10
CYP2B7P,36.4,10
CYP2T1P,12.65,10
CYP4B1,1913.45,10
CYP4X1,915.4,10
CYP4Z1,995.65,10
CYRIB,3687.85,10
CYTH1,1656.25,10
CYTH2,1794.4,10
DAAM1,3407.05,10
DAB2IP,3051.8,10
DACH1,26.4,10
DANCR,2676.35,10
DAP,3835.55,10
DAP3,3329.55,10
DAPK1,410.6,10
DARS1,1696.8,10
DAXX,3981.95,10
DAZAP1,973.25,10
DAZAP2,123.8,10
DBI,4270.75,10
DBN1,2231.1,10
DBNDD1,3118.55,10
DCAF10,853.7,10
DCAF11,2428.5,10
DCAF12,3940.2,10
DCAF13,2369.7,10
DCAF16,1289.2,10
DCAF5,319.0,10
DCAF6,4327.2,10
DCAF8,2083.8,10
DCAKD,1491.5,10
DCBLD2,1643.8,10
DCLK1,836.1,10
DCN,3527.45,10
DCP2,2281.65,10
DCTD,2546.9,10
DCTN1,3635.3,10
DCTN4,87.4,10
DCXR,3676.25,10
DDAH1,4109.9,10
DDHD2,2951.25,10
DDI2,1887.0,10
DDIT4,2059.15,10
DDOST,993.6,10
DDR1,3657.95,10
DDR2,3647.0,10
DDRGK1,3652.6,10
DDX1,3546.1,10
DDX17,2374.3,10
DDX18,1568.85,10
DDX21,2267.3,10
DDX23,2029.2,10
DDX24,4005.5,10
DDX27,3823.0,10
DDX39A,1388.0,10
DDX42,3806.5,10
DDX46,2232.65,10
DDX49,2288.8,10
DDX5,3599.2,10
DDX60,4433.7,10
DECR1,3664.9,10
DEGS2,74.2,10
DEK,652.65,10
DENND1B,1062.3,10
DENND2B,3316.8,10
DENND2D,2144.25,10
DENND4C,2928.25,10
DEPP1,2511.2,10
DEPTOR,3944.8,10
DERL3,2473.0,10
DESI2,462.0,10
DGAT2,902.7,10
DGKD,1167.3,10
DGKZ,1354.9,10
DHCR24,3136.55,10
DHCR7,2888.5,10
DHPS,4063.2,10
DHRS2,1832.6,10
DHRS3,2979.45,10
DHRS4-AS1,1181.9,10
DHRS7,3012.8,10
DHTKD1,2205.5,10
DHX15,3130.0,10
DHX29,651.6,10
DHX32,3825.6,10
DHX36,3158.8,10
DHX40,2317.1,10
DHX8,2630.65,10
DIAPH1,3264.15,10
DICER1,2339.05,10
DIDO1,2265.15,10
DIP2B,3848.2,10
DIPK2A,838.6,10
DIXDC1,1440.7,10
DKC1,1217.9,10
DKK3,3531.3,10
DLAT,2417.2,10
DLC1,4170.65,10
DLD,3336.4,10
DLG1,4341.1,10
DLG3,2181.6,10
DLG5,2069.7,10
DLGAP4,2737.45,10
DMKN,1221.05,10
DMPK,4142.15,10
DMXL1,1013.6,10
DNAH5,144.3,10
DNAJA1,3268.0,10
DNAJA3,3839.75,10
DNAJA4,1492.55,10
DNAJB11,699.9,10
DNAJB12,2834.0,10
DNAJB6,2402.15,10
DNAJC1,1062.9,10
DNAJC10,4364.1,10
DNAJC12,50.0,10
DNAJC8,2944.8,10
DNALI1,32.05,10
DNM1L,3187.4,10
DNM2,3349.8,10
DNMBP,1013.4,10
DNMT1,1989.75,10
DNMT3A,767.4,10
DNPEP,2317.45,10
DNPH1,2367.65,10
DNTTIP2,2370.45,10
DOCK1,1816.85,10
DOCK2,3105.05,10
DOCK5,3826.55,10
DOCK7,1184.5,10
DOP1B,2545.5,10
DPP8,1174.3,10
DPP9,2357.1,10
DPY19L3,1583.8,10
DPY19L4,3377.55,10
DPYSL2,2152.0,10
DR1,4211.35,10
DRAM1,3539.3,10
DRG1,2163.5,10
DROSHA,3980.9,10
DSC2,153.1,10
DSC3,206.4,10
DSE,3547.3,10
DSG2,1980.7,10
DSG3,59.3,10
DSTN,3348.1,10
DTX4,1826.4,10
DUS1L,3336.3,10
DUSP1,3236.8,10
DUSP10,4551.1,10
DUSP16,2264.4,10
DUSP23,4180.0,10
DUSP3,2278.3,10
DUSP4,1384.8,10
DUSP5,615.55,10
DVL1,3451.2,10
DVL3,2084.6,10
DYNC1I2,1479.6,10
DYNLL1,3647.6,10
DYNLL2,2958.4,10
DYNLRB1,4528.8,10
DYNLT3,1573.2,10
E2F1,1672.3,10
E2F3,394.65,10
E4F1,2474.5,10
EAF1,1336.1,10
EARS2,832.8,10
EBF4,734.9,10
EBLN3P,2076.0,10
EBNA1BP2,2193.15,10
EBP,2351.3,10
ECE1,1969.8,10
ECHDC1,1717.4,10
ECHDC2,3292.65,10
ECI1,2640.25,10
ECI2,1235.05,10
ECM1,512.3,10
ECPAS,4122.5,10
ECT2,3530.3,10
EDEM1,2749.1,10
EDEM3,1383.3,10
EDIL3,2435.35,10
EDNRA,3707.4,10
EEA1,2809.25,10
EEF1A1P5,3820.4,10
EEF1A2,860.4,10
EEF1AKNMT,3693.25,10
EEF1B2,2859.6,10
EEF2,4021.35,10
EEF2K,1677.6,10
EFCAB14,952.5,10
EFHD1,2658.55,10
EFHD2,2816.8,10
EFNA1,3795.2,10
EFNA5,998.0,10
EFNB2,4564.05,10
EFR3A,3800.7,10
EFS,2148.6,10
EGFR,823.6,10
EGLN1,2552.4,10
EGLN2,1763.65,10
EGR3,2561.2,10
EHBP1L1,1551.6,10
EHD1,1623.3,10
EHD2,3499.85,10
EHD4,3175.7,10
EHF,3692.1,10
EHMT1,1577.35,10
EHMT2,2033.7,10
EI24,3528.7,10
EID1,926.0,10
EIF2AK1,4023.3,10
EIF2AK2,4212.3,10
EIF2AK4,2804.2,10
EIF2S2,2136.7,10
EIF3B,1305.8,10
EIF3D,2198.6,10
EIF3E,2280.55,10
EIF3I,4508.7,10
EIF3K,2840.45,10
EIF3M,4086.05,10
EIF4A2,4501.05,10
EIF4B,1081.2,10
EIF4E3,1189.0,10
EIF4EBP1,3618.5,10
EIF4G1,1706.3,10
EIF4G3,2319.25,10
EIF5,2579.35,10
EIF5A,1504.4,10
EIF5B,2530.2,10
ELAC2,3426.45,10
ELAPOR1,1920.75,10
ELAVL1,1214.15,10
ELF1,1126.1,10
ELF5,163.8,10
ELK3,3851.4,10
ELL2,3560.45,10
ELMO2,1713.75,10
ELMO3,3852.35,10
ELMOD2,354.7,10
ELN,2707.1,10
ELOC,4147.95,10
ELOVL1,1068.9,10
ELOVL2,150.75,10
ELOVL5,392.6,10
ELP1,1890.0,10
ELP2,352.3,10
EMB,2889.35,10
EMC1,1870.2,10
EMC3,1972.85,10
EMC7,3881.15,10
EMD,3734.75,10
EMILIN1,3109.25,10
EML2,1418.15,10
EML4,366.3,10
EMP1,3121.8,10
EMP2,1704.3,10
EMSY,4291.45,10
EN1,10.7,10
ENO1,623.8,10
ENPP1,574.25,10
ENPP2,2886.0,10
ENPP5,1046.0,10
ENSA,4532.6,10
ENSG00000240800,29.1,10
ENSG00000260822,3915.0,10
ENSG00000280111,45.9,10
ENTPD1,4307.0,10
ENTPD5,255.8,10
ENY2,2090.4,10
EP400,2865.05,10
EPB41L1,3005.85,10
EPB41L2,1382.8,10
EPB41L3,3641.6,10
EPB41L4B,4715.15,10
EPB41L5,367.6,10
EPCAM,1874.75,10
EPG5,2306.0,10
EPHB3,660.55,10
EPHB4,3444.9,10
EPHX1,4456.2,10
EPHX2,1422.95,10
EPM2AIP1,1625.0,10
EPN3,3295.6,10
EPRS1,2911.95,10
EPS15,4355.0,10
EPS15L1,2346.15,10
EPS8,3784.0,10
EPS8L1,2205.3,10
EPS8L2,3850.9,10
EPSTI1,2179.2,10
ERAP1,3707.85,10
ERBB3,482.1,10
ERBB4,16.0,10
ERBIN,878.2,10
ERC1,4141.2,10
ERF,3387.5,10
ERGIC1,516.5,10
ERGIC2,4119.55,10
ERI3,1216.3,10
ERLEC1,2217.55,10
ERLIN2,1324.7,10
ERMP1,3897.6,10
ERN1,2517.0,10
ERO1A,3691.0,10
ERP44,986.3,10
ERRFI1,2208.4,10
ERV3-1,3850.35,10
ESPN,2217.75,10
ESR1,6.45,10
ESRP1,3501.2,10
ESRP2,3519.8,10
ESYT1,2963.3,10
ESYT2,2119.3,10
ETNK2,833.8,10
ETS1,2098.45,10
ETS2,2777.2,10
ETV3,2202.95,10
ETV6,766.3,10
EVA1B,3597.6,10
EVL,182.0,10
EWSR1,3150.1,10
EXOC2,872.3,10
EXOC7,2904.55,10
EXOSC4,3227.7,10
EXT1,1225.3,10
EXT2,2039.9,10
EXTL3,1937.75,10
EYA2,4055.1,10
EZH2,637.85,10
EZR,2545.15,10
F11R,2090.25,10
F13A1,3961.0,10
F2R,2519.25,10
F2RL2,1711.4,10
FAAH,563.8,10
FABP5,296.4,10
FAF1,358.1,10
FAF2,839.45,10
FAH,1792.25,10
FAM102A,393.2,10
FAM102B,3223.2,10
FAM107B,4154.0,10
FAM110A,3813.3,10
FAM110B,823.55,10
FAM111A,2260.2,10
FAM111B,3001.4,10
FAM114A1,2695.3,10
FAM120A,435.5,10
FAM120AOS,183.8,10
FAM120B,1241.8,10
FAM122B,2976.4,10
FAM136A,395.1,10
FAM160B2,3717.9,10
FAM168B,2171.8,10
FAM171A1,36.1,10
FAM174B,453.85,10
FAM177A1,3258.75,10
FAM189B,1580.05,10
FAM199X,2027.3,10
FAM20C,1306.3,10
FAM214A,101.5,10
FAM222B,4459.2,10
FAM234A,4154.4,10
FAM234B,144.6,10
FAM241A,336.25,10
FAM32A,3713.2,10
FAM3A,3452.6,10
FAM3B,1837.3,10
FAM53B,4440.3,10
FAM83D,1150.45,10
FAM83F,3645.85,10
FAM8A1,3719.15,10
FAM98A,587.1,10
FANCI,3445.8,10
FAP,3672.55,10
FAR1,1453.1,10
FARSA,4020.1,10
FARSB,2065.9,10
FASN,3214.4,10
FAT1,1147.45,10
FAXDC2,1009.75,10
FBH1,984.5,10
FBL,1444.05,10
FBLIM1,990.05,10
FBLN2,3127.25,10
FBLN5,1550.55,10
FBN1,3537.1,10
FBP1,267.7,10
FBRS,2141.65,10
FBRSL1,4100.4,10
FBXL16,885.6,10
FBXL20,4065.4,10
FBXL3,1406.5,10
FBXL5,83.1,10
FBXL6,3975.15,10
FBXL7,726.75,10
FBXO21,2077.6,10
FBXO32,1671.65,10
FBXW11,1436.2,10
FBXW2,1344.25,10
FBXW4,1556.7,10
FBXW5,4246.1,10
FCER1G,2625.15,10
FCGBP,4495.95,10
FCGR2A,3279.7,10
FCGRT,3094.7,10
FDCSP,24.0,10
FDPS,1730.4,10
FEM1B,1853.95,10
FEM1C,746.7,10
FEN1,1637.2,10
FGD3,195.05,10
FGD5-AS1,3530.3,10
FGD6,2657.85,10
FGF10,34.6,10
FGFR1,3887.5,10
FGFR2,4203.2,10
FGFR3,2309.05,10
FGFR4,3935.65,10
FGL2,4276.95,10
FH,2354.45,10
FHL1,4679.3,10
FHL2,3461.7,10
FILIP1L,3860.8,10
FKBP1A,2610.3,10
FKBP3,2931.25,10
FKBP4,2902.1,10
FKBP9,4217.35,10
FLAD1,1577.6,10
FLNA,1879.0,10
FLNB,2278.5,10
FLOT1,2648.4,10
FLYWCH2,1636.2,10
FMN1,664.25,10
FMNL1,2313.15,10
FMNL2,331.8,10
FMO2,985.05,10
FMO5,401.3,10
FMOD,2300.95,10
FMR1,3559.4,10
FNBP1,2416.5,10
FNBP4,4370.9,10
FNDC1,3086.5,10
FNDC3A,3780.1,10
FNDC3B,1126.2,10
FNIP1,336.1,10
FNTA,2862.9,10
FOS,3637.9,10
FOSB,3937.4,10
FOXA1,111.8,10
FOXC1,9.9,10
FOXK1,1454.25,10
FOXK2,2085.7,10
FOXM1,447.2,10
FOXP1,528.4,10
FOXP4,1295.9,10
FOXRED2,3904.0,10
FPR3,2967.45,10
FRMD6,1803.9,10
FRMD8,1755.8,10
FRS2,432.8,10
FRY,626.4,10
FRYL,2126.9,10
FRZB,381.5,10
FSCN1,198.0,10
FSIP1,2.65,10
FST,2489.6,10
FTL,4268.7,10
FTO,4493.2,10
FUCA1,1295.35,10
FURIN,4557.4,10
FUT8,302.9,10
FXR1,4302.7,10
FXYD5,1051.1,10
FYB1,2645.35,10
FYCO1,237.7,10
FYN,1645.7,10
FYTTD1,4284.5,10
FZD4,2482.9,10
FZD6,3617.3,10
FZD7,849.4,10
G3BP2,4384.05,10
G6PC3,874.45,10
GAB1,2030.0,10
GABARAPL1,3221.3,10
GABRP,78.0,10
GADD45GIP1,4534.2,10
GAK,1472.9,10
GALC,990.35,10
GALNT10,452.45,10
GALNT16,1299.7,10
GALNT2,2951.8,10
GALNT3,3131.2,10
GALNT5,762.6,10
GALNT6,399.4,10
GALNT7,1059.45,10
GAMT,672.35,10
GANAB,3918.9,10
GAPDH,1627.0,10
GAPVD1,1477.3,10
GARS1,1220.8,10
GART,622.3,10
GAS1,3533.3,10
GAS2L1,4615.5,10
GAS5,4611.25,10
GAS7,3849.15,10
GASK1B,359.7,10
GATA2,788.0,10
GATA3,52.5,10
GATAD2A,408.8,10
GATAD2B,3546.7,10
GATM,2671.05,10
GBF1,1282.45,10
GBP1,845.7,10
GBP2,4676.1,10
GBP3,4374.3,10
GBP4,3901.95,10
GBP5,736.4,10
GCC2,1547.8,10
GCLC,4523.4,10
GCNT2,628.25,10
GDAP1,363.35,10
GDE1,679.4,10
GDF15,902.5,10
GDI1,2252.8,10
GDI2,943.3,10
GET3,4282.85,10
GFM1,3345.9,10
GFRA1,109.25,10
GGH,1929.8,10
GGNBP2,1745.3,10
GGPS1,2890.55,10
GHDC,566.6,10
GHITM,4006.3,10
GIGYF2,688.35,10
GIMAP4,3696.25,10
GIPC1,2336.4,10
GJA1,1180.8,10
GJB2,2030.05,10
GLA,1182.3,10
GLB1L2,3895.7,10
GLCE,1975.25,10
GLE1,2625.2,10
GLG1,1397.5,10
GLI3,503.7,10
GLIPR2,223.2,10
GLIS2,4094.1,10
GLMP,1384.85,10
GLS,541.7,10
GLUD1,532.2,10
GLUL,1281.1,10
GLYATL2,2243.65,10
GLYR1,656.15,10
GM2A,4283.4,10
GMDS,1299.1,10
GMFB,2554.4,10
GMPR2,503.3,10
GMPS,1109.0,10
GNA11,3645.8,10
GNA12,4214.15,10
GNAI3,2409.35,10
GNAQ,2783.55,10
GNAS,3770.05,10
GNB4,1639.45,10
GNE,2964.05,10
GNG12,3389.65,10
GNG5,2612.2,10
GNL1,3130.9,10
GNL2,883.65,10
GNL3,3743.55,10
GNPNAT1,2510.6,10
GNPTAB,3413.8,10
GNPTG,2197.35,10
GNS,1752.7,10
GOLGA2,1812.1,10
GOLGA5,1870.3,10
GOLGB1,800.1,10
GOLM1,1840.35,10
GOLM2,412.2,10
GOLPH3L,2319.0,10
GOLT1B,1953.5,10
GOPC,3699.55,10
GORASP2,3902.75,10
GOSR1,1251.7,10
GOT1,4014.8,10
GOT2,3463.05,10
GP2,517.2,10
GPAA1,4397.15,10
GPAM,2957.4,10
GPAT4,4221.1,10
GPATCH2,1824.15,10
GPATCH4,3554.9,10
GPATCH8,2819.9,10
GPBP1,668.6,10
GPBP1L1,3872.25,10
GPC1,3572.5,10
GPC3,2024.45,10
GPD1,2869.0,10
GPD1L,474.9,10
GPD2,2568.1,10
GPI,1709.45,10
GPNMB,3311.05,10
GPR107,2969.6,10
GPR108,3906.45,10
GPR137B,2516.3,10
GPR160,606.25,10
GPRC5A,2727.8,10
GPRC5B,891.8,10
GPRC5C,3863.45,10
GPRIN3,2687.85,10
GPS1,4628.55,10
GPT2,811.8,10
GPX4,4352.1,10
GRB10,2564.7,10
GRB2,2756.8,10
GRB7,4722.3,10
GREB1,65.4,10
GREB1L,734.5,10
GRHL1,1083.5,10
GRHL2,4482.1,10
GRIK3,711.0,10
GRINA,4368.4,10
GRK6,1279.85,10
GSDMD,4566.6,10
GSE1,1622.5,10
GSN,4410.95,10
GSPT1,1417.6,10
GSR,4034.75,10
GSS,3414.7,10
GSTM1,1513.75,10
GSTM3,435.3,10
GSTO1,4276.35,10
GSTP1,837.5,10
GTF2A1,2967.8,10
GTF2F1,2272.2,10
GTF3C1,1374.7,10
GTF3C2,1103.4,10
GTF3C5,1734.4,10
GTF3C6,1886.0,10
GTPBP1,2330.8,10
GTPBP2,1241.5,10
GTPBP4,428.45,10
GUCD1,2592.35,10
GUCY1A1,1768.25,10
GUK1,3878.4,10
GUSB,4152.7,10
GYG1,2394.3,10
GYS1,4438.1,10
H1-0,3134.6,10
H1-2,3207.3,10
H19,1720.2,10
H2AC6,2632.55,10
H2AJ,2063.85,10
H2AX,2393.55,10
H2AZ1,1999.6,10
H2AZ2,3895.4,10
H2BC12,4010.8,10
H2BC21,2053.9,10
H2BC5,1139.0,10
HACD2,3132.0,10
HACD3,340.3,10
HACD4,2748.2,10
HADHA,3929.2,10
HADHB,4125.1,10
HAGH,1332.65,10
HAPLN3,63.4,10
HAT1,3959.35,10
HAX1,3512.5,10
HBP1,1986.8,10
HBS1L,2989.95,10
HCAR1,183.7,10
HCFC1,2983.2,10
HCFC1R1,4324.7,10
HCLS1,2605.4,10
HCP5,3472.0,10
HDAC1,4277.75,10
HDAC11,1134.95,10
HDAC2,770.05,10
HDAC7,1227.65,10
HDAC9,4060.55,10
HDDC2,1538.4,10
HDGF,519.7,10
HDGFL3,2435.05,10
HEATR1,2244.35,10
HEATR5B,1944.5,10
HEATR6,2628.1,10
HEBP1,818.55,10
HEBP2,1460.9,10
HECA,1064.9,10
HECTD1,3406.4,10
HECTD3,3877.8,10
HECTD4,1070.0,10
HEPH,2056.0,10
HERC1,3428.6,10
HEXB,4217.35,10
HEXIM1,142.1,10
HGH1,3910.9,10
HGS,3111.9,10
HID1,1107.3,10
HIF1A,3419.0,10
HIF1AN,686.8,10
HIGD1A,2854.35,10
HILPDA,4229.5,10
HIP1,1065.2,10
HIP1R,3890.7,10
HIPK2,3853.35,10
HIPK3,4624.5,10
HIVEP1,4374.0,10
HIVEP2,3179.0,10
HK1,3016.95,10
HK2,4641.3,10
HLA-A,2887.3,10
HLA-B,3255.7,10
HLA-C,3931.8,10
HLA-DMA,2832.7,10
HLA-DMB,3026.1,10
HLA-DOA,2855.2,10
HLA-DPB1,3739.45,10
HLA-DQA1,2902.3,10
HLA-DQA2,3259.35,10
HLA-DQB1,3144.4,10
HLA-DQB2,3121.3,10
HLA-DRA,3444.35,10
HLA-DRB1,3329.75,10
HLA-DRB5,3375.1,10
HLA-DRB6,2811.8,10
HLA-E,2787.7,10
HLA-F,1167.9,10
HLA-H,2934.15,10
HMCES,2476.85,10
HMG20B,3965.3,10
HMGA1,379.45,10
HMGB1,3972.7,10
HMGB2,2909.2,10
HMGB3,3454.85,10
HMGCL,920.6,10
HMGCR,2643.55,10
HMGCS1,4449.5,10
HMGCS2,702.5,10
HMGN1,4343.1,10
HMGN3,1029.4,10
HMGN4,1207.25,10
HMGXB3,778.1,10
HMOX1,2738.2,10
HNMT,970.5,10
HNRNPA0,3356.3,10
HNRNPA3,2276.7,10
HNRNPAB,3802.35,10
HNRNPD,1513.25,10
HNRNPDL,3132.9,10
HNRNPF,3999.3,10
HNRNPH2,179.3,10
HNRNPH3,2211.65,10
HNRNPK,3060.75,10
HNRNPL,3264.75,10
HNRNPM,3853.6,10
HNRNPR,4382.9,10
HNRNPUL1,2519.4,10
HNRNPUL2,1548.6,10
HOMER3,1246.4,10
HOOK1,2612.15,10
HOOK2,4667.8,10
HOOK3,3780.5,10
HOXB2,1172.55,10
HOXB3,1210.7,10
HOXC10,2678.1,10
HPCAL1,3668.0,10
HPGD,4140.6,10
HPN,1264.1,10
HPRT1,2132.8,10
HPX,593.5,10
HR,940.95,10
HSD17B10,3284.8,10
HSD17B12,2381.15,10
HSD17B4,231.0,10
HSDL2,625.8,10
HSF1,2686.2,10
HSH2D,1395.9,10
HSP90AB1,4174.25,10
HSP90B1,2141.0,10
HSPA2,2073.05,10
HSPA4,1336.4,10
HSPA9,2781.8,10
HSPB1,4490.2,10
HSPB8,1217.8,10
HSPD1,4035.85,10
HSPE1,3626.7,10
HTATIP2,1814.1,10
HTATSF1,3160.55,10
HTRA1,3928.9,10
HTRA3,4075.7,10
HTT,1511.65,10
HUWE1,3847.85,10
HYOU1,2344.4,10
IARS1,4042.75,10
IARS2,3179.0,10
IBTK,842.35,10
ICA1,1127.3,10
ICAM1,1104.3,10
ICE1,3239.75,10
ICE2,2107.8,10
ID3,3440.1,10
ID4,438.7,10
IDE,2103.8,10
IDH2,4279.0,10
IDH3G,3187.5,10
IDO1,290.5,10
IDS,2346.25,10
IER3,2685.8,10
IER5,3500.9,10
IFFO2,826.6,10
IFI16,1203.95,10
IFI35,4434.15,10
IFI44,1975.5,10
IFI44L,3601.05,10
IFIH1,1924.7,10
IFIT2,2904.8,10
IFITM2,2609.7,10
IFNGR1,1831.0,10
IFNGR2,2490.6,10
IFRD1,96.3,10
IFT122,1823.9,10
IFT140,233.0,10
IGBP1,699.1,10
IGF1R,580.1,10
IGF2,3842.6,10
IGF2R,3437.75,10
IGFBP2,3624.75,10
IGFBP3,2759.55,10
IGFBP4,1451.2,10
IGFBP5,1473.4,10
IGHA2,3792.25,10
IGHG1,2334.3,10
IGHG2,2100.85,10
IGHG3,3068.6,10
IGHG4,2626.1,10
IGHGP,1950.2,10
IGHM,2482.05,10
IGHV1-18,1966.9,10
IGHV1-2,1841.15,10
IGHV1-46,1166.15,10
IGHV1-69D,945.9,10
IGHV3-11,1890.1,10
IGHV3-15,4386.45,10
IGHV3-21,1597.0,10
IGHV3-23,1922.75,10
IGHV3-30,4139.5,10
IGHV3-33,1683.9,10
IGHV3-73,134.4,10
IGHV4-39,3832.6,10
IGHV4-59,1359.9,10
IGHV5-51,1608.9,10
IGKC,2306.7,10
IGKV1-5,1119.8,10
IGKV1-9,2237.1,10
IGKV3-11,1767.25,10
IGKV3-15,1419.4,10
IGKV3-20,1998.5,10
IGKV4-1,1283.85,10
IGLC2,2276.7,10
IGLC3,3246.7,10
IGLL5,2293.55,10
IGLV1-40,2441.1,10
IGLV1-44,1221.6,10
IGLV1-47,2422.45,10
IGLV2-11,563.1,10
IGLV2-14,1191.5,10
IGLV2-23,4113.45,10
IGLV2-8,1380.4,10
IGLV3-1,2887.1,10
IGLV3-10,642.05,10
IGLV3-19,1021.9,10
IGLV3-21,3475.4,10
IGLV3-25,1982.0,10
IGLV4-69,813.75,10
IGLV6-57,1589.45,10
IGLV8-61,305.05,10
IGSF1,94.7,10
IGSF3,4744.8,10
IK,742.2,10
IKBKB,967.1,10
IKZF3,3605.75,10
IL10RA,2696.7,10
IL13RA1,2736.05,10
IL17RB,4223.8,10
IL17RD,2208.4,10
IL20RA,468.65,10
IL27RA,569.5,10
IL2RG,1735.45,10
IL32,684.8,10
IL6ST,188.6,10
IL7R,2967.15,10
ILF2,479.8,10
ILF3,1288.9,10
ILRUN,785.35,10
IMMT,3334.9,10
IMP4,2792.75,10
IMPA2,577.2,10
IMPACT,2515.7,10
IMPDH1,2913.6,10
IMPDH2,2744.05,10
INO80E,3397.85,10
INPP4B,193.3,10
INPP5D,2937.2,10
INPP5J,199.05,10
INPPL1,4766.25,10
INSYN2A,170.4,10
INTS1,3797.05,10
INTS10,1859.45,10
INTS3,4238.6,10
INTS8,3501.8,10
IP6K1,1870.9,10
IP6K2,2906.9,10
IPO5,2264.45,10
IQCE,2317.6,10
IQGAP2,846.8,10
IQGAP3,839.4,10
IQSEC1,2201.9,10
IRAK1,609.8,10
IREB2,4534.15,10
IRF1,2761.85,10
IRF2BPL,2336.9,10
IRF3,3494.75,10
IRS1,635.2,10
IRX2,2546.5,10
IRX3,4531.8,10
IRX5,793.1,10
ISCU,1419.2,10
ISG20,2726.7,10
ISG20L2,2304.05,10
ISOC1,795.1,10
ITFG1,3112.0,10
ITGA11,3485.75,10
ITGA2,3576.75,10
ITGA6,1365.2,10
ITGAL,4405.6,10
ITGB2,2412.1,10
ITGB4,1592.8,10
ITGB5,2633.8,10
ITGB8,823.0,10
ITGBL1,1787.4,10
ITM2B,3359.3,10
ITM2C,505.05,10
ITPA,4043.1,10
ITPK1,818.5,10
ITPKB,2108.3,10
ITPR1,667.5,10
ITPR2,4420.35,10
ITPR3,2743.1,10
ITPRID2,2521.85,10
ITPRIP,2205.1,10
ITPRIPL2,1966.0,10
IVD,171.7,10
IVNS1ABP,1088.55,10
JADE2,701.7,10
JAG1,3798.9,10
JAG2,3928.0,10
JAK1,3497.9,10
JARID2,4234.45,10
JCAD,3979.5,10
JMJD1C,4268.85,10
JMJD8,1209.45,10
JOSD1,151.3,10
JPT1,2652.8,10
JPT2,1185.2,10
KANK1,1232.0,10
KANK2,1654.65,10
KANSL1,1974.1,10
KANSL3,522.65,10
KARS1,336.3,10
KAT6A,3741.65,10
KAT6B,451.4,10
KAT7,2853.5,10
KCMF1,220.8,10
KCND3,171.0,10
KCNE4,71.15,10
KCNK15,34.8,10
KCNK5,179.5,10
KCNK6,1855.6,10
KCNMA1,2063.3,10
KCNN4,312.95,10
KCNS3,2056.35,10
KCTD15,4218.8,10
KCTD2,1471.6,10
KCTD20,3301.85,10
KCTD3,523.2,10
KCTD5,3119.0,10
KDELR2,3749.3,10
KDELR3,3365.2,10
KDM1A,907.45,10
KDM3A,4238.45,10
KDM3B,596.0,10
KDM4A,4193.3,10
KDM4B,55.7,10
KDM5A,3544.4,10
KDM5C,4181.9,10
KDM6A,2993.7,10
KDM7A,4243.5,10
KHDC4,3624.8,10
KHDRBS1,3801.2,10
KHNYN,1509.15,10
KHSRP,1400.95,10
KIAA0040,488.1,10
KIAA0100,3760.4,10
KIAA0232,65.4,10
KIAA0319L,392.75,10
KIAA0556,357.95,10
KIAA1109,2382.1,10
KIAA1191,1803.75,10
KIAA1217,2777.35,10
KIAA1522,2059.8,10
KIAA2013,1474.9,10
KIF11,1836.1,10
KIF12,145.3,10
KIF13A,1966.15,10
KIF13B,322.6,10
KIF16B,153.3,10
KIF1A,638.75,10
KIF1B,1805.05,10
KIF1C,1908.0,10
KIF20A,924.7,10
KIF23,1078.8,10
KIF2C,388.3,10
KIF3B,610.1,10
KIF4A,1320.1,10
KIF5C,589.9,10
KIFC1,567.9,10
KIRREL1,3537.75,10
KIT,2187.7,10
KITLG,1124.2,10
KLC2,4460.3,10
KLF13,3601.9,10
KLF2,2618.1,10
KLF3,3214.75,10
KLF4,4559.95,10
KLF5,304.7,10
KLF6,4010.6,10
KLF9,2316.8,10
KLHDC3,922.05,10
KLHDC7A,368.6,10
KLHDC7B,588.45,10
KLHL12,1103.3,10
KLHL21,1692.8,10
KLHL24,2387.4,10
KLHL42,3925.5,10
KLHL9,3418.5,10
KLK10,359.5,10
KLK5,86.5,10
KLK6,17.35,10
KMT2B,1800.05,10
KMT2D,2555.3,10
KMT2E,4124.8,10
KMT5B,3464.4,10
KNTC1,3952.05,10
KPNA1,3772.3,10
KPNA2,2902.65,10
KPNA3,2736.45,10
KPNA4,1101.4,10
KRT10,4084.85,10
KRT14,1087.35,10
KRT16,45.0,10
KRT17,483.9,10
KRT18,972.8,10
KRT19,3387.8,10
KRT23,726.4,10
KRT5,992.5,10
KRT6B,75.7,10
KRT7,2233.05,10
KRT8,1889.0,10
KRT80,4272.8,10
KRT81,537.25,10
KRTCAP3,1958.8,10
KTN1,1108.85,10
KXD1,1689.8,10
LAD1,728.3,10
LAIR1,2675.5,10
LAMA2,2194.05,10
LAMA3,4377.3,10
LAMA5,4347.95,10
LAMB1,4476.25,10
LAMB2,1811.6,10
LAMB3,1197.2,10
LAMC1,4328.2,10
LAMC2,988.65,10
LAMP1,3750.75,10
LAMP2,2736.5,10
LAMP3,278.2,10
LAMTOR5,4214.9,10
LANCL1,2728.55,10
LANCL2,1569.15,10
LAP3,3661.6,10
LAPTM5,3422.45,10
LARGE1,1504.2,10
LARGE2,551.55,10
LARP1,4206.45,10
LARP4,1583.2,10
LARP4B,1308.05,10
LASP1,2826.4,10
LATS1,3610.95,10
LBH,2880.3,10
LBP,3572.95,10
LBR,273.95,10
LCMT1,3461.15,10
LCN2,210.2,10
LCP1,2333.3,10
LCP2,2827.6,10
LDB1,3540.8,10
LDHB,387.4,10
LDLRAD3,3239.6,10
LDLRAD4,643.35,10
LEF1,1821.7,10
LEO1,533.2,10
LETM1,2248.1,10
LFNG,2027.85,10
LGALS1,3582.8,10
LGALS3,4423.55,10
LGALS8,683.8,10
LGALS9,3034.2,10
LGMN,2141.5,10
LHFPL2,4539.7,10
LHFPL6,3373.75,10
LIG3,4089.6,10
LILRB4,2142.5,10
LIMA1,684.7,10
LIMD1,2726.55,10
LIMD2,1454.4,10
LIMK1,1150.6,10
LIMK2,1539.0,10
LIMS1,1851.3,10
LIN7A,271.8,10
LINC00665,2422.45,10
LINC00963,1929.25,10
LINC00993,39.15,10
LINC01238(ENSG00000237940),34.5,10
LINGO1,3853.75,10
LIPE,3113.1,10
LITAF,4757.3,10
LMAN2,4663.75,10
LMBR1,4090.95,10
LMBRD1,3632.35,10
LMBRD2,997.15,10
LMCD1,3219.1,10
LMF2,3806.7,10
LMNA,2400.1,10
LMNB1,2237.0,10
LMNB2,707.1,10
LMO4,301.8,10
LMO7,3395.0,10
LMOD1,3837.2,10
LMX1B,350.25,10
LNPEP,1484.5,10
LONP1,3832.7,10
LONP2,1638.6,10
LONRF2,231.35,10
LOXL1,2839.05,10
LOXL2,4304.0,10
LPCAT1,4518.8,10
LPGAT1,3955.65,10
LPIN1,233.0,10
LPL,3220.5,10
LRATD1,3097.7,10
LRATD2,2223.95,10
LRBA,659.25,10
LRG1,1030.0,10
LRIG1,240.0,10
LRP1,4646.5,10
LRP10,2090.5,10
LRP1B,77.8,10
LRP2,779.2,10
LRP3,3168.4,10
LRP6,1412.05,10
LRPPRC,3440.55,10
LRRC15,3553.65,10
LRRC32,2675.0,10
LRRC41,1831.2,10
LRRC8B,1548.55,10
LRRC8D,772.9,10
LRRCC1,3010.45,10
LRRFIP1,429.55,10
LRRN2,4363.6,10
LSM1,3858.05,10
LSM14A,1569.9,10
LSM2,819.4,10
LSM4,3454.8,10
LSM7,3053.75,10
LSP1,4031.5,10
LSR,1176.9,10
LSS,3200.5,10
LTA4H,3925.6,10
LTBP1,2253.15,10
LTBP2,2996.95,10
LTBP3,3876.9,10
LTBR,1299.5,10
LUC7L,3004.1,10
LUC7L3,3895.1,10
LUM,4025.9,10
LURAP1L,1579.9,10
LY6E,2378.1,10
LYN,212.9,10
LYNX1,1442.05,10
LYPD6,194.5,10
LYPLA1,3709.3,10
LYPLA2,3244.4,10
LYST,3367.35,10
LYZ,3683.85,10
MAB21L4,4459.65,10
MACIR,1716.95,10
MACO1,977.8,10
MACROH2A1,2287.55,10
MACROH2A2,1977.2,10
MAD2L1,1913.5,10
MAD2L2,1598.1,10
MADD,700.6,10
MAF,3906.9,10
MAF1,3757.45,10
MAGED1,3577.9,10
MAGED2,382.4,10
MAGEF1,3945.0,10
MAGI1,2795.55,10
MAGI3,1630.85,10
MAML2,388.2,10
MAN1A1,1836.55,10
MAN1A2,4448.55,10
MAN2A1,2134.1,10
MAN2B1,1469.4,10
MAN2B2,280.1,10
MANBA,4216.0,10
MANBAL,3532.5,10
MANF,2248.7,10
MANSC1,4375.05,10
MAOA,2910.5,10
MAOB,4410.4,10
MAP1LC3B,4368.35,10
MAP2,670.8,10
MAP2K2,4101.4,10
MAP2K3,1565.4,10
MAP2K4,1510.9,10
MAP3K1,469.2,10
MAP3K11,3383.4,10
MAP3K20,3971.1,10
MAP3K6,2297.05,10
MAP4K4,1195.3,10
MAP7D1,2178.7,10
MAPK14,3108.8,10
MAPK3,1273.5,10
MAPK8IP2,4737.1,10
MAPK9,784.1,10
MAPKAPK2,3533.55,10
MAPRE1,3389.2,10
MAPRE2,1237.65,10
MAPT,15.4,10
MARCHF5,4056.0,10
MARCHF6,2028.1,10
MARCHF7,3803.0,10
MARCHF8,1097.7,10
MARCKS,3363.7,10
MARCKSL1,3474.75,10
MARF1,1040.6,10
MARS1,2562.5,10
MARVELD2,248.5,10
MAST2,4378.9,10
MAST4,664.25,10
MAT2A,1325.7,10
MAT2B,3408.3,10
MATN3,1701.5,10
MAU2,4048.3,10
MAVS,2408.35,10
MAX,1529.2,10
MBD3,4546.6,10
MBD6,776.8,10
MBNL1,2932.5,10
MBOAT2,4259.2,10
MBOAT7,2417.85,10
MBP,1711.45,10
MBTPS1,2754.4,10
MCAM,2223.7,10
MCC,2939.0,10
MCCC1,962.85,10
MCCC2,129.65,10
MCF2L,2057.05,10
MCL1,3583.5,10
MCM2,1177.2,10
MCM3,998.8,10
MCM3AP,3539.7,10
MCM4,1777.95,10
MCM5,366.5,10
MCM6,868.15,10
MCM7,586.1,10
MCMBP,3434.75,10
MCRIP1,3433.8,10
MCRIP2,3373.45,10
MCUR1,1979.5,10
MDC1,2071.8,10
MDFI,606.8,10
MDFIC,2653.05,10
MDH1,866.8,10
MDH2,3028.85,10
MDK,3607.55,10
MDM2,1567.4,10
MDM4,3611.5,10
MDN1,3152.45,10
ME2,671.7,10
MEA1,2897.5,10
MEAF6,1881.7,10
MEAK7,401.5,10
MECP2,2625.8,10
MED13,3107.4,10
MED13L,766.3,10
MED15,2537.6,10
MED16,2589.5,10
MED23,4318.2,10
MED25,3649.15,10
MED29,4010.0,10
MEF2A,4054.95,10
MEF2D,958.4,10
MEG3,779.15,10
MEGF9,536.0,10
MELK,468.9,10
MELTF,110.7,10
MEN1,4221.65,10
MEST,1826.3,10
MET,260.6,10
METRN,1610.4,10
METRNL,3967.9,10
MEX3A,415.2,10
MEX3C,1576.85,10
MFAP2,2117.65,10
MFAP4,3353.55,10
MFAP5,4723.5,10
MFGE8,310.9,10
MFN1,3942.55,10
MFSD1,4456.15,10
MFSD12,1602.7,10
MFSD14B,2901.55,10
MGAT1,3194.65,10
MGAT4A,1758.2,10
MGAT4B,2101.55,10
MGAT5,2645.9,10
MGLL,2679.9,10
MGRN1,1746.95,10
MGST3,3820.7,10
MIA3,1671.5,10
MICAL1,3126.6,10
MICAL2,3498.4,10
MICALL1,83.9,10
MICU1,2822.6,10
MICU2,1593.75,10
MID1IP1,4189.3,10
MIDEAS,708.9,10
MIDN,1352.5,10
MIGA1,1230.45,10
MINDY1,180.55,10
MISP,445.5,10
MKI67,1319.65,10
MKNK2,2640.4,10
MLEC,1996.05,10
MLF2,2466.55,10
MLPH,96.4,10
MLXIP,396.9,10
MME,2298.55,10
MMP1,1319.9,10
MMP13,1665.0,10
MMP14,4642.4,10
MMP15,2237.0,10
MMP24OS,3368.4,10
MMP7,142.7,10
MMP9,952.1,10
MMRN2,3141.5,10
MOAP1,138.5,10
MOB1A,3078.5,10
MOGS,636.3,10
MON2,1353.2,10
MORC2,768.9,10
MORF4L2,2227.9,10
MPC2,3546.55,10
MPDU1,2427.15,10
MPEG1,3369.1,10
MPHOSPH8,1413.6,10
MPP7,849.5,10
MPRIP,4064.4,10
MPST,2309.4,10
MPV17L,4047.1,10
MPZL1,804.95,10
MPZL2,444.9,10
MR1,1643.75,10
MRAS,186.3,10
MRC2,2984.3,10
MREG,328.5,10
MRFAP1,596.55,10
MRFAP1L1,306.0,10
MRPL10,2649.9,10
MRPL11,2199.1,10
MRPL14,2449.1,10
MRPL15,1349.9,10
MRPL18,3063.9,10
MRPL27,4150.4,10
MRPL3,2406.7,10
MRPL37,1309.5,10
MRPL4,2075.2,10
MRPL41,4571.95,10
MRPL43,2981.5,10
MRPL47,1741.6,10
MRPL49,2644.8,10
MRPL51,2455.65,10
MRPL9,798.5,10
MRPS10,2754.25,10
MRPS12,1886.1,10
MRPS15,2276.4,10
MRPS2,4513.1,10
MRPS21,2541.95,10
MRPS23,3465.2,10
MRPS27,483.7,10
MRPS30,207.95,10
MRPS30-DT,7.1,10
MRPS34,4306.1,10
MRTFB,308.7,10
MRTO4,1470.35,10
MS4A6A,3848.6,10
MS4A7,519.35,10
MSH2,800.45,10
MSH6,1215.8,10
MSI2,521.2,10
MSL1,4821.75,10
MSLN,269.1,10
MSMB,109.8,10
MSN,299.7,10
MT1E,3767.2,10
MT1X,1908.7,10
MTA2,1100.75,10
MTA3,1718.7,10
MTAP,1299.55,10
MTCH1,1382.4,10
MTCH2,2614.3,10
MTFR1,4019.9,10
MTHFD1L,94.9,10
MTHFD2,2183.3,10
MTHFR,1309.75,10
MTMR12,2646.25,10
MTMR2,526.45,10
MTPN,3120.0,10
MTREX,1608.9,10
MTURN,4286.4,10
MTUS1,2449.3,10
MUC1,1638.95,10
MUC16,669.3,10
MVD,2117.7,10
MVP,3045.5,10
MX1,4561.45,10
MX2,1747.75,10
MXD4,2470.4,10
MXRA5,4640.25,10
MYADM,3398.45,10
MYB,1013.35,10
MYBBP1A,1350.3,10
MYBL1,2238.7,10
MYBL2,1305.25,10
MYBPC1,4178.95,10
MYC,1875.0,10
MYD88,2219.95,10
MYH11,3289.7,10
MYH14,4310.5,10
MYH9,3143.9,10
MYL12A,1461.8,10
MYL12B,4281.6,10
MYL9,4388.9,10
MYLIP,940.7,10
MYLK,3289.4,10
MYO10,594.5,10
MYO15B,2271.15,10
MYO19,4401.25,10
MYO1C,2504.5,10
MYO1E,1226.9,10
MYO5C,341.65,10
MYO6,1551.65,10
MYO9B,698.3,10
MYOF,1731.6,10
MZB1,3336.5,10
MZT2A,2745.8,10
MZT2B,3897.85,10
N4BP2L2,3437.25,10
N4BP3,900.3,10
NAA10,2717.3,10
NAA15,3640.3,10
NAA20,4182.6,10
NAA50,1622.85,10
NAALADL2,3765.45,10
NAB1,1420.15,10
NADSYN1,3594.75,10
NAE1,965.1,10
NAGK,4084.15,10
NAGLU,3492.4,10
NAMPT,3446.35,10
NANS,3410.6,10
NAP1L4,3763.7,10
NAPA,627.2,10
NARF,1479.15,10
NASP,393.35,10
NAT1,10.8,10
NAT10,3510.4,10
NAV1,4582.5,10
NAV2,3378.8,10
NBR1,216.6,10
NCALD,596.45,10
NCAM2,243.8,10
NCAPD2,660.0,10
NCAPD3,3174.85,10
NCAPG2,1422.4,10
NCAPH2,2304.7,10
NCBP1,4399.0,10
NCBP2,4467.85,10
NCCRP1,508.05,10
NCDN,3933.2,10
NCK2,126.4,10
NCKAP1,3736.45,10
NCKAP1L,3086.2,10
NCL,1266.95,10
NCLN,3555.6,10
NCOA1,3495.15,10
NCOA2,4257.6,10
NCOA3,3920.45,10
NCOA4,2987.9,10
NCOA7,642.1,10
NCOR1,3638.95,10
NCOR2,4069.6,10
NCS1,450.7,10
NDC1,2347.75,10
NDFIP1,270.6,10
NDRG1,1268.4,10
NDRG2,959.0,10
NDRG3,4281.7,10
NDST1,1763.65,10
NDUFA1,4516.2,10
NDUFA10,2575.55,10
NDUFA11,4078.6,10
NDUFA2,2844.1,10
NDUFA4,4466.95,10
NDUFA4L2,817.45,10
NDUFA5,2343.0,10
NDUFA6,3317.6,10
NDUFA9,1024.3,10
NDUFAF3,3881.3,10
NDUFAF6,2912.95,10
NDUFB10,4355.3,10
NDUFB11,4201.45,10
NDUFB5,4240.95,10
NDUFB7,4689.1,10
NDUFB9,3838.5,10
NDUFC2,3757.7,10
NDUFS3,4137.7,10
NDUFS5,1850.0,10
NDUFS6,4066.7,10
NDUFV1,3811.95,10
NEBL,2202.1,10
NECAB3,884.5,10
NECAP2,1270.9,10
NECTIN1,1662.9,10
NECTIN2,657.45,10
NECTIN4,1750.1,10
NEDD4L,1896.5,10
NEK10,27.7,10
NEK2,2359.9,10
NEK9,97.6,10
NELFB,4501.9,10
NELFE,2320.5,10
NELL2,237.85,10
NEO1,3096.15,10
NES,855.3,10
NEU1,4678.45,10
NEURL1,725.9,10
NF1,2707.5,10
NF2,2026.55,10
NFASC,3447.5,10
NFATC4,862.0,10
NFE2L1,3581.2,10
NFE2L3,548.2,10
NFIA,3131.7,10
NFIB,650.2,10
NFIC,1630.6,10
NFIX,2600.8,10
NFKB2,1329.85,10
NFKBIZ,2015.9,10
NFYA,2108.0,10
NIBAN1,2414.4,10
NIBAN2,3728.65,10
NINJ1,827.3,10
NIPBL,4546.6,10
NIPSNAP2,3719.15,10
NISCH,1125.5,10
NKAIN1,118.15,10
NKX3-1,489.45,10
NLK,1719.8,10
NLN,3977.85,10
NLRC5,1422.4,10
NLRP2,4377.7,10
NME2,3490.8,10
NME3,1562.1,10
NME4,4535.1,10
NMT1,3080.5,10
NNMT,4519.45,10
NOC2L,2456.0,10
NOL3,4315.3,10
NOL6,3695.35,10
NOL7,3271.25,10
NOLC1,2962.3,10
NONO,2477.3,10
NOP10,2757.35,10
NOP2,677.55,10
NOP56,2507.4,10
NOP58,903.5,10
NORAD,1011.5,10
NOSTRIN,167.25,10
NOTCH1,415.4,10
NOTCH2,4194.05,10
NOTCH3,1679.7,10
NOVA1,105.4,10
NPAS2,2419.1,10
NPC1,1245.7,10
NPC2,2970.0,10
NPDC1,1426.35,10
NPEPPS,1452.4,10
NPLOC4,2323.1,10
NPNT,555.05,10
NPR3,358.3,10
NPRL3,3788.65,10
NPTN,1526.2,10
NPY1R,607.0,10
NQO1,3547.1,10
NQO2,3955.3,10
NR2F1,1446.85,10
NR2F2,2243.9,10
NR4A2,2307.0,10
NRAS,1506.0,10
NRBP1,2197.2,10
NRBP2,2449.6,10
NRCAM,4130.35,10
NRDC,1502.0,10
NREP,4293.3,10
NRIP1,1649.7,10
NRIP3,112.7,10
NRP2,2152.85,10
NRSN2,1861.4,10
NSA2,1135.4,10
NSD2,4249.2,10
NSD3,2879.4,10
NSF,1785.6,10
NSMCE1,1493.25,10
NSMF,4081.3,10
NSUN2,1996.6,10
NT5DC1,1904.8,10
NT5DC2,478.2,10
NTN1,3947.3,10
NTN4,651.2,10
NTRK2,2552.1,10
NUB1,3037.15,10
NUBP2,4139.1,10
NUCB1,4405.45,10
NUCB2,1484.75,10
NUDCD1,1647.3,10
NUDCD3,1950.5,10
NUDT16L1,942.7,10
NUDT21,3082.8,10
NUDT4,633.8,10
NUDT5,726.2,10
NUFIP2,3776.35,10
NUMA1,390.15,10
NUMB,3654.05,10
NUP133,4472.6,10
NUP153,2872.9,10
NUP155,2929.65,10
NUP160,1596.6,10
NUP188,4504.85,10
NUP205,1322.15,10
NUP210,4390.3,10
NUP50,2328.4,10
NUP62,1675.0,10
NUP85,2437.6,10
NUP93,211.0,10
NUSAP1,2225.2,10
NUTF2,1256.5,10
NVL,2511.8,10
NXN,386.9,10
NXPE3,1339.05,10
NYNRIN,3813.6,10
OASL,2792.05,10
OAT,4589.7,10
OBSCN,3328.4,10
OBSL1,3388.4,10
OCIAD1,742.6,10
OCIAD2,3141.1,10
OCRL,3302.8,10
ODC1,611.95,10
ODF2,4072.0,10
ODR4,745.4,10
OGA,793.1,10
OGFRL1,1145.0,10
OGN,847.9,10
OIP5-AS1,2438.6,10
OLFM1,4232.05,10
OLFM2,589.9,10
OLFM4,3681.25,10
OLFML2B,4039.95,10
OPTN,548.85,10
OSBP,3061.3,10
OSBPL5,2930.1,10
OSBPL8,4050.25,10
OSBPL9,3296.1,10
OSGIN2,4524.4,10
OSMR,3193.7,10
OST4,3729.0,10
OSTC,3028.3,10
OTUD7B,1100.0,10
OXCT1,1600.3,10
OXSR1,3749.5,10
P2RX4,858.25,10
P3H1,1999.9,10
P3H4,4717.3,10
P4HA2,3546.3,10
P4HB,3642.3,10
P4HTM,167.2,10
PABPC1,2984.6,10
PABPC4,1049.2,10
PABPN1,3622.3,10
PACSIN2,4531.7,10
PACSIN3,2801.35,10
PADI2,360.9,10
PAFAH1B2,4183.35,10
PAFAH1B3,3791.7,10
PAICS,4074.6,10
PAIP1,4358.45,10
PAIP2,664.45,10
PAK1,3026.1,10
PALLD,4730.6,10
PALM,1127.5,10
PALMD,3558.9,10
PAM,3862.5,10
PAN3,2356.9,10
PANK3,719.45,10
PAPOLA,4382.5,10
PAPSS1,423.0,10
PARD3,1797.05,10
PARD6B,130.4,10
PARM1,4576.35,10
PARN,2076.7,10
PARP12,3099.1,10
PARP8,3091.95,10
PARVA,4523.55,10
PATJ,1800.1,10
PATL1,947.65,10
PATZ1,770.4,10
PAWR,2913.0,10
PBRM1,4006.95,10
PBX1,707.45,10
PBX3,2210.9,10
PCBP1,3871.5,10
PCBP2,1558.6,10
PCCB,3733.95,10
PCDH1,759.35,10
PCDH7,4220.5,10
PCF11,2282.5,10
PCGF3,1913.05,10
PCK2,3525.15,10
PCM1,1548.3,10
PCMTD2,1783.4,10
PCNA,2382.8,10
PCNT,2849.8,10
PCNX4,466.7,10
PCOLCE,1543.05,10
PCSK1,71.1,10
PCSK6,925.9,10
PCYOX1,2295.0,10
PCYT2,3444.15,10
PDAP1,1435.9,10
PDCD11,1825.95,10
PDCD4,1913.3,10
PDCD5,643.3,10
PDCD6IP,1191.3,10
PDE4A,2020.3,10
PDE4B,2051.3,10
PDE5A,1497.5,10
PDE7A,333.2,10
PDGFRA,2934.3,10
PDGFRB,4518.15,10
PDGFRL,4269.7,10
PDHA1,584.0,10
PDHB,768.4,10
PDIA4,2137.95,10
PDIA6,674.7,10
PDK4,3312.1,10
PDLIM1,3837.25,10
PDLIM7,4732.05,10
PDPR,4551.75,10
PDS5A,3185.55,10
PDS5B,3124.9,10
PDXDC1,1972.1,10
PDXK,608.2,10
PDZD2,3409.4,10
PDZK1,66.15,10
PDZK1IP1,1376.45,10
PELI1,293.8,10
PELP1,3651.4,10
PEPD,3054.2,10
PER1,4400.8,10
PER3,3606.85,10
PERP,1360.6,10
PES1,2241.1,10
PEX11A,935.1,10
PEX11B,4146.3,10
PEX13,2890.0,10
PEX19,595.5,10
PEX2,3532.7,10
PEX26,4236.1,10
PEX5,3259.35,10
PEX6,4344.3,10
PFDN2,980.4,10
PFDN5,2981.55,10
PFDN6,3995.5,10
PFKFB2,2893.85,10
PFKFB3,3434.75,10
PFKL,2452.5,10
PFKP,457.35,10
PFN1,1251.8,10
PFN2,1474.05,10
PGAM5,2090.2,10
PGD,2620.4,10
PGGHG,1507.3,10
PGK1,3511.4,10
PGM1,679.7,10
PGR,3.6,10
PGRMC1,2916.2,10
PGRMC2,2450.2,10
PHB2,2037.8,10
PHC2,1709.85,10
PHC3,3413.75,10
PHF1,3386.5,10
PHF12,2088.4,10
PHF2,1666.3,10
PHF20,1230.1,10
PHF3,4522.5,10
PHF8,3058.95,10
PHGDH,333.9,10
PHKB,3362.3,10
PHLDA1,2801.5,10
PHLDB1,4401.4,10
PHLDB2,4615.0,10
PHPT1,3659.05,10
PHRF1,4225.95,10
PHYH,2754.5,10
PHYHD1,634.8,10
PI15,3755.4,10
PI4KA,1378.05,10
PI4KB,2707.4,10
PIAS3,2409.25,10
PICALM,2684.5,10
PIEZO1,3352.8,10
PIEZO2,640.6,10
PIGN,3341.0,10
PIGO,3105.6,10
PIGQ,871.0,10
PIGR,3626.3,10
PIGS,3865.65,10
PIGT,2016.35,10
PIGX,1824.7,10
PIK3C2A,2611.1,10
PIK3C2B,3500.6,10
PIK3CA,1725.55,10
PIK3IP1,3227.35,10
PIM1,330.6,10
PIM2,1186.3,10
PIP,1032.95,10
PIP4K2C,2178.5,10
PIP5K1C,2191.9,10
PISD,1103.4,10
PITPNA,2632.75,10
PITPNB,1168.2,10
PITRM1,1060.0,10
PJA2,398.4,10
PKIB,495.5,10
PKM,3348.9,10
PKP1,421.35,10
PKP2,3569.05,10
PKP3,4004.55,10
PKP4,3744.75,10
PLA2G12A,694.9,10
PLA2G2A,945.3,10
PLAA,2438.6,10
PLAAT3,1463.55,10
PLAAT4,2619.55,10
PLAT,879.5,10
PLAUR,1043.3,10
PLBD1,4024.9,10
PLCB3,3010.2,10
PLCB4,2185.2,10
PLCD3,3058.2,10
PLCG1,3598.9,10
PLCG2,462.8,10
PLD3,3212.5,10
PLEK,2293.6,10
PLEKHA2,4479.5,10
PLEKHA6,2876.1,10
PLEKHB1,2141.05,10
PLEKHB2,1697.15,10
PLEKHF2,434.65,10
PLEKHG3,4359.75,10
PLEKHG4B,780.9,10
PLEKHH3,2060.2,10
PLEKHM2,1077.15,10
PLEKHO1,1527.65,10
PLEKHO2,4235.85,10
PLIN1,2687.6,10
PLIN2,1498.1,10
PLIN4,3298.8,10
PLK1,496.0,10
PLK2,3194.25,10
PLOD1,505.2,10
PLOD2,3971.4,10
PLOD3,591.1,10
PLP2,3046.95,10
PLPBP,2178.25,10
PLPP2,3558.2,10
PLPP5,1219.8,10
PLPPR2,1429.7,10
PLS3,959.85,10
PLSCR1,1460.7,10
PLTP,1237.3,10
PLXNA1,643.9,10
PLXNA2,2511.9,10
PLXNA3,4334.85,10
PLXNB1,2233.05,10
PLXNC1,4199.05,10
PML,712.4,10
PMP22,3825.85,10
PNMA1,978.2,10
PNMA8A,2510.0,10
PNP,1394.65,10
PNPLA2,1578.3,10
PNPLA6,4296.9,10
PNPO,2181.9,10
PNPT1,1378.8,10
PNRC1,601.5,10
PNRC2,721.5,10
PODN,1891.45,10
PODXL,2809.45,10
PODXL2,3737.55,10
POFUT1,2733.55,10
POGK,2971.3,10
POGLUT3,4369.5,10
POLD2,3775.9,10
POLDIP3,1972.85,10
POLE,4265.4,10
POLE3,3567.25,10
POLR1A,2389.9,10
POLR2A,1868.7,10
POLR2B,4191.9,10
POLR2C,3888.4,10
POLR2H,3710.1,10
POLR2J,4233.2,10
POLR2L,3891.6,10
POLR3E,1130.7,10
POMGNT1,2743.3,10
POR,2210.6,10
POSTN,4123.8,10
PPA1,3038.95,10
PPA2,4212.35,10
PPARD,877.9,10
PPCS,2998.5,10
PPDPF,3349.6,10
PPFIA1,3544.5,10
PPIA,3716.95,10
PPIB,2242.5,10
PPIF,4578.5,10
PPIP5K2,1673.4,10
PPL,3110.8,10
PPM1A,478.6,10
PPM1G,844.7,10
PPM1H,3133.85,10
PPP1CB,471.5,10
PPP1R13L,3830.15,10
PPP1R14B,1220.7,10
PPP1R15A,4180.55,10
PPP1R15B,3014.95,10
PPP1R18,586.5,10
PPP1R1B,3854.35,10
PPP1R2,3385.3,10
PPP1R37,1705.9,10
PPP1R3B,3962.9,10
PPP1R3C,366.8,10
PPP1R9B,4782.2,10
PPP2CA,293.0,10
PPP2CB,4240.05,10
PPP2R1A,4650.4,10
PPP2R2A,3281.75,10
PPP2R2C,2557.4,10
PPP2R3A,2189.3,10
PPP2R5A,3920.55,10
PPP2R5D,1936.75,10
PPP2R5E,3571.85,10
PPP3CA,4747.5,10
PPP3CB,968.1,10
PPP3R1,930.3,10
PPP4R2,3831.8,10
PPP4R3B,2706.95,10
PPP5C,3986.4,10
PPP6C,2076.55,10
PPP6R3,2619.35,10
PPRC1,1195.1,10
PPT1,1876.9,10
PQBP1,3163.5,10
PRAG1,2040.4,10
PRC1,1871.65,10
PRCC,2065.6,10
PRCP,3853.1,10
PRDM2,4071.95,10
PRDX1,3490.85,10
PRDX3,1932.4,10
PRDX4,1146.7,10
PRDX5,4405.25,10
PRDX6,3222.8,10
PREB,2008.45,10
PRELID1,2742.2,10
PRELP,1307.0,10
PREP,3540.2,10
PREPL,1945.3,10
PREX1,154.95,10
PRKAA1,4280.9,10
PRKAA2,1081.3,10
PRKACB,583.8,10
PRKAG1,321.2,10
PRKAR1A,1867.2,10
PRKAR2B,3003.9,10
PRKCD,1268.2,10
PRKCI,3452.0,10
PRKCSH,3081.15,10
PRKD3,495.95,10
PRKDC,3473.3,10
PRKX,100.4,10
PRLR,753.6,10
PRMT1,2209.6,10
PRMT2,1182.1,10
PRNP,637.9,10
PROM1,454.6,10
PROM2,4722.2,10
PROSER1,2648.7,10
PRPF3,1862.2,10
PRPF6,3860.25,10
PRPS2,2398.9,10
PRPSAP1,2199.95,10
PRR11,4267.1,10
PRR12,1722.5,10
PRR13,1173.8,10
PRR15,174.7,10
PRR15L,3145.1,10
PRR36,2589.8,10
PRRC1,1218.9,10
PRRC2A,1836.0,10
PRRC2B,4255.85,10
PRRC2C,4592.2,10
PRRG4,4708.4,10
PRSS23,919.5,10
PRXL2B,2009.6,10
PSAT1,98.5,10
PSD3,570.7,10
PSD4,1132.6,10
PSEN1,701.1,10
PSIP1,1633.0,10
PSMA1,4235.25,10
PSMA4,2787.9,10
PSMA5,3305.55,10
PSMA7,2873.3,10
PSMB1,3657.1,10
PSMB2,424.2,10
PSMB4,1422.9,10
PSMB5,3752.45,10
PSMB6,3798.8,10
PSMB7,3986.85,10
PSMB8,3082.7,10
PSMB9,1768.9,10
PSMC2,1424.4,10
PSMC3,2676.55,10
PSMC4,3141.95,10
PSMC5,4526.1,10
PSMC6,2544.4,10
PSMD11,4530.25,10
PSMD13,3504.05,10
PSMD14,1804.95,10
PSMD2,2070.7,10
PSMD4,3493.75,10
PSMD5,3438.75,10
PSMD7,960.9,10
PSMD8,3901.6,10
PSME1,3786.2,10
PSME3IP1,4046.9,10
PSME4,738.7,10
PSMF1,4206.25,10
PSMG2,2340.85,10
PSMG3,2423.8,10
PTDSS1,1345.6,10
PTEN,2313.5,10
PTGDS,881.7,10
PTGER3,163.0,10
PTGES,1925.15,10
PTGES2,3692.25,10
PTGES3,3795.6,10
PTGIS,3368.1,10
PTGR1,2103.6,10
PTHLH,4533.0,10
PTK2B,4381.45,10
PTK7,1124.4,10
PTMA,1221.55,10
PTN,1080.05,10
PTOV1,4432.3,10
PTP4A1,4232.1,10
PTP4A2,876.15,10
PTP4A3,1828.55,10
PTPA,2244.55,10
PTPN1,1548.6,10
PTPN12,2799.1,10
PTPN13,1217.2,10
PTPN14,1210.2,10
PTPN18,3356.4,10
PTPN23,3149.4,10
PTPN3,4652.4,10
PTPRA,513.25,10
PTPRB,2171.4,10
PTPRC,2868.2,10
PTPRF,3521.6,10
PTPRG,3474.75,10
PTPRK,2475.1,10
PTPRN2,230.3,10
PTPRT,123.8,10
PTPRU,2881.2,10
PTTG1,1021.9,10
PTTG1IP,2345.9,10
PUF60,2750.0,10
PUM3,240.35,10
PURA,1967.0,10
PVR,342.8,10
PXDC1,744.5,10
PXDN,3482.2,10
PXMP4,1378.5,10
PXN,4114.95,10
PYCARD,3260.6,10
PYCR1,4165.9,10
PYGB,2108.05,10
QDPR,342.0,10
QKI,1157.1,10
QRICH1,834.8,10
QSER1,2795.3,10
QSOX1,4427.65,10
RAB11A,1406.0,10
RAB11FIP1,907.85,10
RAB11FIP3,439.8,10
RAB11FIP4,4257.0,10
RAB11FIP5,2676.9,10
RAB12,744.3,10
RAB14,1494.3,10
RAB17,323.2,10
RAB18,2818.15,10
RAB1A,3028.2,10
RAB1B,2584.85,10
RAB21,1814.6,10
RAB27B,403.95,10
RAB29,2049.8,10
RAB30,135.3,10
RAB31,1348.9,10
RAB3D,2859.65,10
RAB3GAP1,4364.75,10
RAB3GAP2,3783.35,10
RAB3IP,2807.3,10
RAB40C,1399.4,10
RAB4A,4178.5,10
RAB5B,213.2,10
RAB5C,569.9,10
RABEP1,46.7,10
RABEP2,3149.0,10
RABGAP1L,3957.45,10
RAC2,2590.0,10
RACGAP1,3733.1,10
RAD21,4573.8,10
RAD23A,2983.0,10
RAD50,186.5,10
RAF1,3938.4,10
RAI1,3415.75,10
RAI14,1958.95,10
RAI2,295.35,10
RALA,3886.7,10
RALB,3225.75,10
RALBP1,2966.3,10
RALGAPA2,2956.0,10
RALGAPB,1551.0,10
RALGPS2,198.9,10
RALY,2732.0,10
RAMP1,1159.0,10
RAMP3,459.6,10
RAN,2603.95,10
RANBP1,605.9,10
RANGAP1,1849.1,10
RAP1A,3458.5,10
RAP1GAP,4539.45,10
RAP1GDS1,2434.4,10
RAP2A,770.2,10
RAP2B,190.95,10
RAPGEF1,2291.7,10
RAPGEFL1,2482.15,10
RARA,2030.8,10
RARRES1,247.9,10
RARRES2,4055.7,10
RARS1,3103.6,10
RASA1,1423.0,10
RASAL2,1763.1,10
RASD2,214.95,10
RASEF,165.1,10
RASSF2,2106.5,10
RASSF4,358.45,10
RASSF5,3078.2,10
RASSF8,3483.9,10
RB1,2420.4,10
RBBP7,3857.0,10
RBBP8,3087.7,10
RBCK1,3569.35,10
RBFOX2,3389.15,10
RBIS,2579.3,10
RBL2,2169.9,10
RBM10,3929.4,10
RBM12,2440.75,10
RBM17,278.9,10
RBM18,1745.8,10
RBM23,2859.7,10
RBM3,3540.6,10
RBM38,693.3,10
RBM39,881.2,10
RBM42,3196.65,10
RBM47,195.65,10
RBM5,661.1,10
RBM8A,2081.3,10
RBMS1,509.0,10
RBP1,2590.7,10
RBPMS,3236.1,10
RBX1,3123.5,10
RCAN1,2023.3,10
RCAN3,1900.35,10
RCC1,1059.7,10
RCC2,622.6,10
RCN1,1406.9,10
RCN2,2558.5,10
RCN3,1261.9,10
RCOR3,1172.15,10
RDH10,1132.0,10
RDX,1193.1,10
RECQL4,3489.25,10
REEP1,423.5,10
REEP5,413.45,10
REEP6,1336.7,10
RELA,3736.25,10
REPIN1,3791.15,10
REPS1,1723.7,10
REPS2,125.2,10
RERE,2065.75,10
RERG,916.2,10
REST,3449.5,10
RET,138.85,10
RETREG1,257.7,10
RETREG2,1050.4,10
RETREG3,612.8,10
RETSAT,1627.1,10
RFC1,3510.3,10
RFC2,1076.5,10
RFTN1,3853.8,10
RFWD3,997.5,10
RFX5,3163.0,10
RGL2,1341.6,10
RGMA,76.3,10
RGS10,1924.2,10
RGS2,748.2,10
RGS5(ENSG00000143248),1632.8,10
RHBDD2,3740.4,10
RHBDF1,2307.25,10
RHBDF2,487.35,10
RHEB,557.2,10
RHOA,2815.9,10
RHOB,488.1,10
RHOBTB3,2182.1,10
RHOC,3670.6,10
RHOG,2146.95,10
RHOH,782.15,10
RHOQ,1221.75,10
RHOT2,2893.95,10
RHOV,2097.5,10
RHPN1,2747.9,10
RHPN2,4159.8,10
RIC8A,2419.5,10
RICTOR,4073.5,10
RIF1,3497.05,10
RIMS4,51.8,10
RIN2,3254.45,10
RIOK3,1724.15,10
RIPK2,443.25,10
RIPOR1,3610.15,10
RMND1,409.45,10
RMND5B,293.25,10
RN7SL2,4553.05,10
RNASE1,2278.8,10
RNASEH2A,2305.15,10
RND3,2120.05,10
RNF10,1610.8,10
RNF103,225.1,10
RNF130,1472.75,10
RNF139,2861.9,10
RNF14,303.0,10
RNF141,1426.95,10
RNF144A,2421.5,10
RNF145,1150.4,10
RNF20,2080.3,10
RNF220,928.5,10
RNF24,2520.6,10
RNF4,2252.0,10
RNF40,1384.4,10
RNF43,925.25,10
RNMT,3610.2,10
RNPEP,1952.6,10
RNPS1,4038.5,10
ROBO1,2619.3,10
ROCK2,2294.25,10
ROGDI,938.0,10
RORC,1945.6,10
RPA1,1738.6,10
RPL11,4453.25,10
RPL13,4234.5,10
RPL18A,3315.9,10
RPL22L1,2096.5,10
RPL24,4424.5,10
RPL27A,3840.1,10
RPL30,3758.05,10
RPL35,4596.0,10
RPL35A,3133.7,10
RPL36,4566.6,10
RPL36A,4242.2,10
RPL36AL,4428.4,10
RPL37,3428.1,10
RPL37A,4828.75,10
RPL38,4048.7,10
RPL39,2796.2,10
RPL4,4313.8,10
RPL41,3658.8,10
RPL5,2701.4,10
RPL7,4177.05,10
RPL7L1,2912.9,10
RPL8,4458.5,10
RPLP2,4046.25,10
RPN1,1352.6,10
RPRD1B,3291.9,10
RPS10,2997.7,10
RPS12,3121.1,10
RPS16,2685.9,10
RPS17,4167.65,10
RPS18,3562.6,10
RPS19,2440.5,10
RPS19BP1,2789.9,10
RPS20,3159.8,10
RPS21,4282.6,10
RPS25,3393.55,10
RPS27A,1763.3,10
RPS27L,1891.0,10
RPS28P7,4418.0,10
RPS6,3679.7,10
RPS6KA1,2319.5,10
RPS6KA3,2374.2,10
RPS6KB1,3593.95,10
RPS7,1272.0,10
RPS8,3765.9,10
RPSA,3968.15,10
RRBP1,2794.85,10
RREB1,1925.85,10
RRM2,2707.9,10
RRM2B,2212.7,10
RRN3,1533.7,10
RRNAD1,1998.7,10
RRP1,894.0,10
RRP12,4034.6,10
RRP1B,405.2,10
RRP36,1363.6,10
RRP7A,2627.55,10
RRS1,3816.6,10
RSAD1,3080.9,10
RSAD2,2876.0,10
RSRC2,2097.15,10
RSU1,319.1,10
RTCB,4306.7,10
RTF1,697.65,10
RTKN,572.6,10
RTL6,4246.05,10
RTL8A,1163.0,10
RTL8C,2553.35,10
RTN1,596.35,10
RTN4,3197.8,10
RTN4RL1,529.4,10
RUFY1,3919.3,10
RUNDC1,129.3,10
RUNX1,2312.3,10
RUNX3,374.3,10
RUSF1,1005.6,10
RUVBL1,2286.0,10
RXRA,1950.25,10
RYBP,1645.95,10
RYK,1692.7,10
S100A1,515.9,10
S100A10,1213.05,10
S100A11,1780.7,10
S100A2,72.2,10
S100A4,1271.0,10
S100A6,2441.6,10
S100A8,884.05,10
S100A9,1693.7,10
S1PR3,2804.3,10
SAA1,3692.1,10
SAE1,2728.2,10
SAFB,3454.8,10
SALL2,575.7,10
SAMD1,3163.35,10
SAMD12,1775.9,10
SAMD4B,1946.6,10
SAMD8,1601.25,10
SAMD9L,3748.65,10
SAMHD1,3175.15,10
SAP18,3333.0,10
SAP30BP,2259.9,10
SAPCD2,2391.1,10
SAR1B,228.8,10
SARAF,1536.15,10
SART1,2666.7,10
SASH1,3451.65,10
SAT1,2735.6,10
SAV1,2970.5,10
SBF1,1666.5,10
SBF2,3539.3,10
SBK1,4347.8,10
SBSPON,4003.35,10
SC5D,3772.5,10
SCAF11,2368.5,10
SCAF8,4524.3,10
SCAMP1,335.0,10
SCAMP2,2001.05,10
SCAMP4,680.9,10
SCAMP5,3886.9,10
SCARA3,2396.4,10
SCARB1,1512.0,10
SCARB2,2990.2,10
SCCPDH,665.5,10
SCD,3475.1,10
SCD5,3667.75,10
SCGB1D2,787.2,10
SCGB2A1,214.1,10
SCGB2A2,2076.5,10
SCIN,744.7,10
SCNN1A,1053.2,10
SCNN1B,4064.3,10
SCOC,2355.85,10
SCP2,2727.0,10
SCPEP1,1646.4,10
SCRIB,3571.1,10
SCUBE2,55.8,10
SCUBE3,1797.2,10
SCYL1,3728.0,10
SDC1,3686.5,10
SDC2,4195.4,10
SDC3,4046.55,10
SDC4,3303.4,10
SDCBP,2436.6,10
SDF2,2991.95,10
SDF4,4505.85,10
SDHB,3014.3,10
SDHD,2588.0,10
SEC13,1791.25,10
SEC14L1,3928.7,10
SEC14L2,186.25,10
SEC16A,1071.9,10
SEC22B,2644.65,10
SEC22C,1273.4,10
SEC23B,3361.0,10
SEC23IP,1376.1,10
SEC24A,3665.95,10
SEC24B,2826.35,10
SEC24C,2638.75,10
SEC24D,3606.35,10
SEC61A1,2055.25,10
SEC61B,3850.4,10
SEC61G,1991.9,10
SEC62,1343.7,10
SEC63,4649.8,10
SECISBP2,1475.4,10
SECISBP2L,3562.95,10
SECTM1,2504.55,10
SEH1L,938.0,10
SEL1L,1389.25,10
SEL1L3,801.85,10
SELENBP1,3794.8,10
SELENOF,3165.3,10
SELENOP,1609.55,10
SELENOT,1219.6,10
SELPLG,4293.2,10
SEM1,1372.3,10
SEMA3B,497.05,10
SEMA3C,895.5,10
SEMA3F,382.65,10
SEMA3G,3764.0,10
SEMA4A,4475.0,10
SEMA4B,3531.1,10
SEMA5A,2272.2,10
SEMA6A,4630.6,10
SEPHS1,478.55,10
SEPHS2,2284.9,10
SEPTIN2,3421.85,10
SEPTIN3,754.3,10
SEPTIN6,3164.25,10
SEPTIN8,767.9,10
SEPTIN9,4267.5,10
SERBP1,320.3,10
SERHL2,4143.4,10
SERINC1,1722.6,10
SERINC2,3446.1,10
SERINC3,961.5,10
SERINC5,2243.85,10
SERPINA1,1767.7,10
SERPINA11,6.4,10
SERPINA5,738.4,10
SERPINB1,3712.85,10
SERPINB5,381.05,10
SERPINB6,1752.9,10
SERPINE1,4634.6,10
SERPINE2,518.9,10
SERPING1,4662.95,10
SERPINH1,1874.65,10
SERPINI1,301.8,10
SERTAD2,2289.9,10
SERTAD3,2053.0,10
SERTAD4,2848.8,10
SESN3,1938.3,10
SET,3455.9,10
SETBP1,2372.8,10
SETD2,2907.25,10
SETD3,2990.3,10
SETD5,4599.2,10
SETD7,1452.05,10
SETDB1,3769.9,10
SETX,4367.4,10
SF3A2,3930.4,10
SF3A3,807.9,10
SF3B3,968.8,10
SF3B4,3060.75,10
SF3B5,2763.45,10
SF3B6,910.5,10
SFN,1221.1,10
SFPQ,2465.65,10
SFRP1,727.5,10
SFRP2,3390.8,10
SFT2D2,101.3,10
SFXN1,3261.5,10
SFXN2,599.4,10
SFXN3,1807.0,10
SFXN5,662.6,10
SGCE,4336.3,10
SGK1,2752.8,10
SGK3,975.7,10
SGPL1,2724.05,10
SGSM2,2619.25,10
SGSM3,4334.95,10
SH2D4A,1478.4,10
SH3BGRL,364.3,10
SH3BGRL3,1643.2,10
SH3BP2,1537.6,10
SH3BP4,2290.35,10
SH3BP5L,3908.9,10
SH3D19,1957.4,10
SH3GL1,3543.0,10
SH3GLB1,2358.85,10
SH3GLB2,1001.3,10
SH3KBP1,652.65,10
SH3PXD2B,2638.4,10
SH3RF1,3132.65,10
SH3YL1,3224.2,10
SHANK2,4576.2,10
SHC2,1772.7,10
SHISA2,1019.0,10
SHISA5,3513.0,10
SHKBP1,3316.0,10
SHMT2,1661.7,10
SHOC2,1596.9,10
SHROOM1,436.5,10
SHROOM3,990.0,10
SHTN1,1203.2,10
SIAE,1674.7,10
SIAH2,416.7,10
SIDT1,177.5,10
SIDT2,1226.9,10
SIGIRR,1242.2,10
SIGLEC1,3383.8,10
SIGMAR1,1586.8,10
SIK2,3739.0,10
SIK3,2382.4,10
SIL1,3310.0,10
SIN3A,987.1,10
SIN3B,4443.9,10
SINHCAF,934.4,10
SIPA1,4076.5,10
SIPA1L2,4362.35,10
SIRPA,476.1,10
SIRT2,2599.95,10
SIVA1,4572.65,10
SIX1,1728.5,10
SKI,2528.3,10
SKIL,4526.5,10
SKP1,90.4,10
SLAIN2,2420.9,10
SLAMF7,1740.65,10
SLBP,3088.4,10
SLC15A3,2961.75,10
SLC16A1,764.7,10
SLC16A2,2928.3,10
SLC16A3,3000.85,10
SLC16A6,40.25,10
SLC19A2,339.5,10
SLC1A1,208.5,10
SLC1A2,873.5,10
SLC1A4,1289.9,10
SLC1A5,4330.2,10
SLC20A1,2847.95,10
SLC22A17,2402.15,10
SLC22A18,1644.8,10
SLC22A23,1822.5,10
SLC22A5,44.0,10
SLC24A3,4246.35,10
SLC25A22,3579.35,10
SLC25A23,4542.2,10
SLC25A24,2104.25,10
SLC25A29,3830.45,10
SLC25A37,583.5,10
SLC25A46,360.8,10
SLC25A5,2330.95,10
SLC25A6,4320.55,10
SLC26A2,3067.4,10
SLC27A1,2124.85,10
SLC27A2,79.3,10
SLC27A4,2892.9,10
SLC29A1,2919.85,10
SLC2A1,1664.15,10
SLC2A10,594.8,10
SLC2A3,3093.1,10
SLC30A1,1757.7,10
SLC30A5,366.75,10
SLC30A9,1384.3,10
SLC31A1,4089.6,10
SLC34A2,1517.8,10
SLC35A2,3607.5,10
SLC35A3,889.1,10
SLC35A4,3397.1,10
SLC35B2,2259.8,10
SLC35C1,1460.6,10
SLC35E2B,1128.2,10
SLC35F5,1654.9,10
SLC37A2,3985.25,10
SLC38A1,1325.2,10
SLC38A2,3992.35,10
SLC39A1,3297.2,10
SLC39A11,1359.3,10
SLC39A14,2274.4,10
SLC39A4,3549.9,10
SLC39A6,97.7,10
SLC39A7,3493.6,10
SLC39A8,3370.7,10
SLC39A9,247.5,10
SLC3A2,3563.9,10
SLC40A1,347.1,10
SLC41A1,3384.5,10
SLC41A3,1351.7,10
SLC43A2,2491.2,10
SLC43A3,250.4,10
SLC44A1,1700.0,10
SLC44A2,2504.6,10
SLC44A4,301.7,10
SLC49A3,2463.2,10
SLC4A7,1070.1,10
SLC4A8,100.8,10
SLC52A2,2270.9,10
SLC5A1,2228.35,10
SLC5A3,3902.0,10
SLC5A6,658.4,10
SLC66A2,1662.05,10
SLC66A3,2672.0,10
SLC6A4,76.8,10
SLC6A6,4698.3,10
SLC6A8,2271.9,10
SLC6A9,4264.4,10
SLC7A1,2266.55,10
SLC7A2,89.6,10
SLC7A5,831.5,10
SLC7A8,126.3,10
SLC9A1,959.1,10
SLC9A3R1,808.7,10
SLC9A3R2,1485.1,10
SLFN11,3030.35,10
SLFN5,3868.7,10
SLIT3,2875.1,10
SLITRK6,186.4,10
SLK,2122.0,10
SLMAP,2023.8,10
SLPI,451.35,10
SLTM,1417.25,10
SMAD3,2035.7,10
SMAD5,513.6,10
SMARCA1,3293.6,10
SMARCA4,2328.2,10
SMARCB1,1613.5,10
SMARCC1,3685.5,10
SMARCC2,788.65,10
SMARCE1,4237.05,10
SMC2,3353.5,10
SMC3,4634.3,10
SMC4,2316.2,10
SMC5,3563.7,10
SMCHD1,2786.5,10
SMCR8,2046.5,10
SMG1,4268.65,10
SMG5,722.95,10
SMIM14,177.0,10
SMIM15,586.6,10
SMIM22,576.95,10
SMIM7,3212.7,10
SMO,433.0,10
SMOC2,1619.4,10
SMPD4,4266.05,10
SMS,4084.45,10
SMTN,2137.65,10
SMURF2,2848.95,10
SMYD2,1183.5,10
SNAP29,635.5,10
SNCG,4523.2,10
SND1,2052.9,10
SNED1,1507.3,10
SNHG1,1379.6,10
SNHG14,3448.55,10
SNHG32,3755.5,10
SNHG5,3365.25,10
SNN,3826.8,10
SNORA73B,2717.1,10
SNPH,4127.7,10
SNRNP25,2999.2,10
SNRPA,1289.7,10
SNRPB,3889.95,10
SNRPB2,4343.85,10
SNRPC,1686.25,10
SNRPD1,1050.7,10
SNRPD2,3611.8,10
SNRPD3,3257.2,10
SNRPE,4581.2,10
SNRPF,3970.2,10
SNRPG,915.3,10
SNRPN,2832.0,10
SNU13,2774.25,10
SNW1,2603.9,10
SNX1,1783.6,10
SNX13,2534.6,10
SNX14,1909.15,10
SNX19,2294.2,10
SNX2,1473.2,10
SNX27,3791.5,10
SNX3,2856.65,10
SNX8,1112.5,10
SNX9,1414.0,10
SOAT1,1660.0,10
SOCS2,1782.8,10
SOCS3,4186.2,10
SOCS6,3847.95,10
SOD2,1022.6,10
SOD3,1498.0,10
SOGA1,1923.9,10
SON,4001.5,10
SORBS2,2258.0,10
SORD,1132.1,10
SORL1,3673.2,10
SORT1,3572.45,10
SOS1,1253.75,10
SOS2,3666.3,10
SOX11,883.5,10
SOX12,2469.05,10
SOX13,3110.35,10
SOX4,2761.1,10
SOX9,1067.3,10
SP1,719.5,10
SP3,4290.45,10
SPAG5,3925.5,10
SPARCL1,3324.2,10
SPATA13(ENSG00000182957),2547.9,10
SPATA20,1568.8,10
SPATS2L,2224.1,10
SPCS1,953.2,10
SPCS2,4254.8,10
SPDEF,679.0,10
SPECC1,4075.75,10
SPG11,264.7,10
SPG21,1979.2,10
SPG7,3532.5,10
SPHK1,762.5,10
SPIDR,4460.15,10
SPIN1,3729.75,10
SPOCK1,3710.3,10
SPOCK2,1439.85,10
SPON1,4352.8,10
SPON2,2114.5,10
SPOP,1022.2,10
SPOPL,196.8,10
SPP1,4128.5,10
SPPL2A,3353.4,10
SPR,1188.8,10
SPRED2,1633.7,10
SPRY1,3934.4,10
SPRYD3,241.6,10
SPSB1,1443.4,10
SPTAN1,4039.4,10
SPTBN1,3633.7,10
SPTLC1,2537.8,10
SPTLC2,1526.8,10
SPTY2D1,1449.1,10
SQOR,4236.9,10
SRARP,67.1,10
SRC,3429.1,10
SRCAP,1942.95,10
SRCIN1,2347.8,10
SRD5A1,2504.45,10
SREBF1,1274.8,10
SREK1,366.5,10
SRF,1133.25,10
SRGAP1,2527.2,10
SRGAP2,3149.85,10
SRGN,2178.65,10
SRM,1857.85,10
SRP14,1555.3,10
SRP54,2906.0,10
SRP9,3127.3,10
SRPK1,268.1,10
SRPK2,3190.1,10
SRPRA,3827.3,10
SRPRB,2932.95,10
SRRM1,2486.85,10
SRRM2,1716.0,10
SRRT,3543.2,10
SRSF10,4262.2,10
SRSF2,2219.6,10
SRSF3,1290.55,10
SRSF4,1010.5,10
SRSF5,1145.05,10
SRSF6,533.0,10
SRSF7,1908.1,10
SRSF8,4173.35,10
SSB,1853.6,10
SSBP1,1507.35,10
SSBP2,667.0,10
SSBP3,3170.75,10
SSBP4,4612.8,10
SSC5D,1920.05,10
SSH3,377.4,10
SSPN,4786.4,10
SSR1,2785.4,10
SSR2,3027.45,10
SSR4,3802.45,10
SSRP1,1348.65,10
SSTR2,269.3,10
SSU72,1766.0,10
ST14,1007.2,10
ST3GAL1,4581.5,10
ST3GAL4,1689.5,10
ST6GAL1,4450.3,10
ST6GALNAC2,1677.9,10
ST6GALNAC6,2867.0,10
STAB1,3068.6,10
STAC2,2033.4,10
STAP2,3842.45,10
STARD10,419.5,10
STARD7,1440.0,10
STAT1,4266.4,10
STAT5A,3982.35,10
STAT5B,3472.25,10
STAT6,2960.1,10
STAU2,3388.3,10
STC1,4512.6,10
STC2,114.6,10
STEAP2,1085.5,10
STEAP3,1139.25,10
STEAP4,2870.2,10
STIM1,3001.7,10
STIP1,3446.65,10
STK11,4244.65,10
STK17B,2293.7,10
STK24,2278.9,10
STK25,1987.0,10
STK26,3229.1,10
STK32B,136.95,10
STK38,187.45,10
STK38L,1247.4,10
STK39,1442.05,10
STK40,1669.9,10
STMN1,711.8,10
STMN3,1897.0,10
STMP1,1636.05,10
STOM,2155.2,10
STOML2,1268.6,10
STRAP,3133.05,10
STRBP,2634.6,10
STRN,3342.1,10
STS,3757.5,10
STT3A,3494.5,10
STUB1,3030.9,10
STX6,2342.55,10
STXBP2,2875.5,10
SUB1,4371.2,10
SUCLG1,2863.6,10
SUCLG2,742.9,10
SUCO,4382.4,10
SUDS3,2569.9,10
SUGT1,4527.0,10
SULF2,3875.15,10
SULT1A1,1615.4,10
SUMF1,1186.9,10
SUMF2,3656.45,10
SUMO1,2626.8,10
SUMO2,3972.7,10
SUMO3,1530.5,10
SUN1,2691.55,10
SUN2,1316.55,10
SUPT4H1,2616.1,10
SUPT5H,1836.0,10
SUPT6H,2805.15,10
SURF1,1738.6,10
SURF4,3353.7,10
SUSD2,3382.65,10
SUSD3,29.7,10
SUSD6,1380.3,10
SVEP1,2537.0,10
SVIL,1756.7,10
SVIP,4159.5,10
SYAP1,1749.15,10
SYBU,222.7,10
SYCP2,3184.85,10
SYK,2533.4,10
SYNCRIP,935.8,10
SYNGR1,4113.0,10
SYNGR2,4064.6,10
SYNJ2BP,194.85,10
SYNM,1146.5,10
SYNPO2,2616.8,10
SYNRG,4157.05,10
SYPL1,4286.25,10
SYS1,775.3,10
SYT1,38.7,10
SYT13,219.8,10
SYT17,367.95,10
SYT7,2228.9,10
SYTL1,3568.85,10
SYTL2,474.9,10
SYTL4,156.1,10
SYVN1,3294.6,10
SZRD1,2400.2,10
TAB3,2102.0,10
TACC1,3723.95,10
TACC3,1583.5,10
TACSTD2,3702.95,10
TADA3,4215.4,10
TAF1,3437.35,10
TAF1D,1152.8,10
TAF2,3737.15,10
TAF7,1312.2,10
TAGLN,3989.75,10
TAGLN2,1795.5,10
TALDO1,2473.9,10
TANC2,1916.0,10
TAOK1,3423.9,10
TAOK2,628.45,10
TAP1,1543.95,10
TAP2,511.2,10
TAPBP,2450.4,10
TAPT1,257.3,10
TARBP1,3350.5,10
TARDBP,2781.3,10
TARS1,1840.3,10
TASOR,1641.25,10
TASOR2,3407.45,10
TAT,507.45,10
TBC1D1,321.8,10
TBC1D16,4115.25,10
TBC1D20,1039.2,10
TBC1D4,2173.3,10
TBC1D8,2764.2,10
TBC1D9,19.9,10
TBC1D9B,2006.8,10
TBCA,3918.8,10
TBCB,2785.4,10
TBRG4,1441.85,10
TBX3,324.95,10
TC2N,2692.0,10
TCEA3,2103.35,10
TCEAL1,145.6,10
TCEAL3,286.4,10
TCEAL4,697.9,10
TCEAL9,1743.3,10
TCF12,2803.75,10
TCF19,1446.05,10
TCF20,789.55,10
TCF25,4021.35,10
TCF3,1403.3,10
TCF7L1,202.4,10
TCIM,1445.0,10
TCIRG1,4339.95,10
TCN1,3982.05,10
TCOF1,766.55,10
TCP1,1629.35,10
TCTA,1662.6,10
TCTN1,350.1,10
TCTN3,1248.2,10
TEAD2,1677.35,10
TELO2,3984.4,10
TES,632.0,10
TESMIN,609.3,10
TET3,1001.55,10
TEX2,3659.8,10
TEX261,1220.6,10
TEX264,2126.4,10
TF,1590.3,10
TFAP2A,3954.55,10
TFAP2B,3139.95,10
TFAP2C,2346.75,10
TFCP2L1,558.7,10
TFDP1,1136.5,10
TFDP2,4021.2,10
TFF1,95.7,10
TFF3,328.6,10
TFG,2260.1,10
TFPI2,255.1,10
TFRC,3244.15,10
TGFB2,3403.6,10
TGFB3,1881.2,10
TGFBI,1690.3,10
TGFBR2,4436.15,10
TGFBR3,4036.7,10
TGIF2,2311.15,10
TGOLN2,2030.4,10
THBD,3201.35,10
THBS2,4539.55,10
THBS3,2186.2,10
THNSL2,2128.25,10
THRAP3,2257.4,10
THSD4,30.1,10
THUMPD1,762.5,10
TIA1,2389.25,10
TIMM17A,4154.65,10
TIMM23,2635.5,10
TIMM50,1691.7,10
TIMMDC1,1140.4,10
TIMP1,4451.95,10
TINAGL1,1198.05,10
TINCR,2581.25,10
TIPARP,1625.35,10
TIPRL,1538.6,10
TJP1,4339.7,10
TJP2,3047.1,10
TJP3,821.6,10
TK1,3718.15,10
TKFC,961.0,10
TKT,2382.1,10
TLE1,1506.55,10
TLE3,106.1,10
TLK1,3168.05,10
TLN1,2388.6,10
TM4SF1,2052.1,10
TM7SF2,4444.6,10
TM7SF3,3555.35,10
TM9SF3,3811.1,10
TMBIM1,2526.7,10
TMBIM4,502.1,10
TMBIM6,111.55,10
TMC4,462.6,10
TMC5,1443.0,10
TMC6,4431.0,10
TMCO1,2643.5,10
TMCO3,2751.6,10
TMED10,2419.0,10
TMED4,2847.2,10
TMED7,394.05,10
TMED8,1306.5,10
TMED9,4582.5,10
TMEM101,832.5,10
TMEM106B,1672.7,10
TMEM109,2805.3,10
TMEM115,1754.9,10
TMEM123,1082.4,10
TMEM127,931.7,10
TMEM129,2896.2,10
TMEM131,1853.0,10
TMEM132A,3520.15,10
TMEM135,1094.0,10
TMEM141,2557.65,10
TMEM144,293.6,10
TMEM147,2492.7,10
TMEM14B,3507.8,10
TMEM14C,3729.6,10
TMEM150C,155.9,10
TMEM159,4476.1,10
TMEM164,4024.0,10
TMEM165,3397.85,10
TMEM167A,2332.8,10
TMEM167B,3318.9,10
TMEM176B,4074.6,10
TMEM179B,4159.1,10
TMEM181,2375.75,10
TMEM184B,4316.7,10
TMEM189,1986.2,10
TMEM205,1309.9,10
TMEM208,3773.7,10
TMEM214,1755.4,10
TMEM219,2978.7,10
TMEM230,1571.45,10
TMEM245,1579.7,10
TMEM25,212.85,10
TMEM254,2390.95,10
TMEM258,3047.9,10
TMEM26,87.7,10
TMEM263,3181.8,10
TMEM268,1010.1,10
TMEM30B,390.6,10
TMEM33,2981.7,10
TMEM43,1721.3,10
TMEM45A,1127.9,10
TMEM45B,2051.8,10
TMEM47,3467.05,10
TMEM50B,1339.8,10
TMEM54,4301.8,10
TMEM59,2468.05,10
TMEM62,899.75,10
TMEM63C,565.35,10
TMEM64,1798.2,10
TMEM65,1021.0,10
TMEM79,1837.6,10
TMEM86A,2982.3,10
TMEM87A,2563.6,10
TMEM87B,452.5,10
TMEM94,2902.9,10
TMEM9B,256.9,10
TMF1,2439.2,10
TMPO,2535.95,10
TMPRSS13,1023.9,10
TMPRSS2,2080.7,10
TMPRSS3,3949.9,10
TMSB10,2178.5,10
TMSB4X,3558.75,10
TMTC1,4051.95,10
TMTC3,2202.4,10
TMUB1,4312.25,10
TMX1,3030.95,10
TMX4,2396.2,10
TNC,2837.5,10
TNFAIP2,1728.3,10
TNFAIP3,1838.1,10
TNFRSF10B,3750.75,10
TNFRSF12A,2778.95,10
TNFRSF1A,3615.7,10
TNFRSF1B,2160.6,10
TNFRSF21,607.1,10
TNFSF10,4552.35,10
TNIK,2578.1,10
TNIP1,3985.9,10
TNK2,3379.2,10
TNKS,3040.75,10
TNKS2,2434.9,10
TNNT1,1523.9,10
TNPO1,2283.3,10
TNPO2,3588.45,10
TNPO3,2366.2,10
TNRC18,1403.55,10
TNRC18P1,13.1,10
TNRC6A,1466.6,10
TNRC6C,1275.7,10
TNS1,3634.85,10
TNS2,640.85,10
TNXB,2654.15,10
TOB1,4489.8,10
TOB2,3893.85,10
TOLLIP,2844.8,10
TOM1,4133.35,10
TOM1L1,1555.0,10
TOM1L2,665.7,10
TOMM22,1222.3,10
TOMM34,2485.6,10
TOMM40,1337.75,10
TONSL,2293.05,10
TOP1,3870.5,10
TOP1MT,1655.1,10
TOPBP1,2752.2,10
TOR1AIP1,1487.45,10
TOR3A,3432.25,10
TOX3,714.55,10
TOX4,408.95,10
TP53,4372.2,10
TP53BP1,1252.65,10
TP53BP2,543.6,10
TP53I11,2331.6,10
TP53INP1,414.65,10
TP53INP2,3760.8,10
TPBG,659.2,10
TPCN1,544.55,10
TPD52,3587.6,10
TPD52L1,3749.1,10
TPD52L2,2879.35,10
TPGS2,881.5,10
TPI1,1364.8,10
TPM2,2670.3,10
TPM3,3992.0,10
TPM4,3485.9,10
TPP1,3283.4,10
TPPP3,3458.3,10
TPRG1,37.35,10
TPRN,859.9,10
TPSB2,612.6,10
TPX2,836.2,10
TRA2A,3294.1,10
TRA2B,1648.15,10
TRABD,2588.1,10
TRAC,2993.8,10
TRAF3IP2,4031.5,10
TRAF5,999.75,10
TRAFD1,2172.1,10
TRAK1,1969.4,10
TRAK2,1155.6,10
TRAM2,4362.25,10
TRAPPC3,1333.5,10
TRAPPC8,3845.3,10
TRAPPC9,4271.7,10
TRBC2,2839.3,10
TRERF1,574.9,10
TRIB2,2397.5,10
TRIB3,4225.0,10
TRIL,3224.3,10
TRIM2,237.3,10
TRIM22,3274.4,10
TRIM25,4598.95,10
TRIM26,2883.1,10
TRIM27,1414.8,10
TRIM29,660.7,10
TRIM3,284.6,10
TRIM33,3758.0,10
TRIM37,3869.4,10
TRIM38,2457.6,10
TRIM4,1080.7,10
TRIM47,561.7,10
TRIM56,3461.3,10
TRIM69,2635.4,10
TRIM8,589.05,10
TRIP10,1407.45,10
TRIP11,1146.5,10
TRIP13,819.85,10
TRIP6,2659.9,10
TRIQK,1374.4,10
TRIR,3049.8,10
TRPA1,41.0,10
TRPM4,2335.65,10
TRPM7,3174.9,10
TRPS1,2612.0,10
TRPV6,1728.7,10
TRRAP,2665.35,10
TRUB2,2512.3,10
TSC2,1412.55,10
TSC22D1,4266.5,10
TSC22D3,1732.2,10
TSC22D4,2220.1,10
TSEN34,4380.3,10
TSG101,883.4,10
TSKU,2854.55,10
TSNAX,1883.15,10
TSPAN1,683.85,10
TSPAN13,535.55,10
TSPAN14,3973.15,10
TSPAN15,1277.0,10
TSPAN3,4155.1,10
TSPAN31,847.9,10
TSPAN5,1697.05,10
TSPAN6,3393.2,10
TSPAN9,2740.6,10
TSPO,1906.9,10
TSPYL1,739.5,10
TSPYL4,3154.4,10
TSPYL5,2008.8,10
TSR1,3283.5,10
TSTD1,2423.85,10
TTC14,1132.0,10
TTC19,3119.2,10
TTC3,3430.8,10
TTC37,1021.25,10
TTC39A,326.65,10
TTC39C,3235.85,10
TTC7A,201.2,10
TTC9,3717.35,10
TTLL4,79.9,10
TTYH1,24.1,10
TTYH3,1253.25,10
TUBA1A,3936.35,10
TUBA1B,3231.3,10
TUBA1C,1055.65,10
TUBA4A,1005.85,10
TUBB,444.3,10
TUBB6,370.5,10
TUBGCP2,3588.4,10
TUFT1,3406.9,10
TULP4,4577.0,10
TUSC3,3382.8,10
TWF1,2845.7,10
TWF2,2807.5,10
TWSG1,3835.45,10
TXLNA,3303.9,10
TXN,3297.8,10
TXNDC12,1488.6,10
TXNDC16,1309.75,10
TXNIP,3331.55,10
TXNL4A,3408.2,10
TXNRD1,4112.5,10
TYK2,4406.8,10
TYMP,2761.3,10
TYMS,873.7,10
TYROBP,3431.9,10
U2SURP,2665.55,10
UAP1,3653.6,10
UBA2,1186.7,10
UBA52,3442.7,10
UBAC2,3018.8,10
UBALD2,1190.6,10
UBAP2,1822.5,10
UBAP2L,3132.25,10
UBC,4173.5,10
UBE2A,3717.9,10
UBE2B,648.85,10
UBE2C,1092.6,10
UBE2E1,3616.95,10
UBE2E3,186.2,10
UBE2G2,2695.15,10
UBE2H,3995.4,10
UBE2J1,2675.4,10
UBE2K,1328.9,10
UBE2L3,4099.8,10
UBE2O,3057.15,10
UBE2Q1,1666.15,10
UBE2Q2,2287.45,10
UBE2R2,3904.6,10
UBE2S,1688.4,10
UBE2T,1703.0,10
UBE2V2,3612.6,10
UBE2W,3858.85,10
UBE2Z,3637.95,10
UBE3A,920.2,10
UBE3B,204.85,10
UBE3C,4290.85,10
UBE4B,3414.45,10
UBFD1,1987.05,10
UBL3,1139.2,10
UBL4A,2998.45,10
UBN1,4000.25,10
UBN2,4375.7,10
UBQLN4,2072.95,10
UBR1,880.9,10
UBR3,3154.0,10
UBR4,4329.65,10
UBR7,1434.95,10
UBTF,1110.2,10
UBXN10,102.0,10
UBXN2B,4030.7,10
UBXN4,2618.55,10
UBXN6,4307.95,10
UBXN7,4386.8,10
UCHL1,267.6,10
UCHL5,2037.6,10
UCK2,591.1,10
UCP2,4659.8,10
UEVLD,178.25,10
UFD1,2188.05,10
UFL1,3108.6,10
UFM1,3826.65,10
UGCG,185.7,10
UGDH,454.3,10
UGP2,718.2,10
UHMK1,2034.0,10
ULK1,1988.1,10
ULK2,3169.05,10
UNC119B,4014.25,10
UNC13B,3074.5,10
UNC13D,595.3,10
UNC5B,3786.4,10
UNG,2843.8,10
UPF2,1408.85,10
UQCRB,4203.7,10
UQCRFS1,3818.1,10
UQCRH,384.0,10
UQCRQ,2776.05,10
URB1,2931.25,10
URI1,2597.8,10
USB1,264.2,10
USF1,3820.4,10
USP1,998.95,10
USP10,2796.2,10
USP13,2745.4,10
USP19,1268.8,10
USP24,3807.35,10
USP25,1369.4,10
USP32,2649.6,10
USP33,3281.6,10
USP36,3916.7,10
USP38,2208.75,10
USP39,1228.3,10
USP47,913.3,10
USP48,4124.5,10
USP5,4002.95,10
USP53,3222.35,10
USP6NL,243.45,10
USP7,2078.4,10
USP8,1882.15,10
UTP20,3989.7,10
UTP25,3290.4,10
UTP4,594.85,10
UTRN,4128.05,10
UXT,3828.55,10
VAMP2,1427.6,10
VAMP3,3866.9,10
VANGL2,1377.4,10
VAPB,4601.0,10
VARS1,1164.1,10
VASN,1280.7,10
VASP,2683.8,10
VAV3,273.4,10
VBP1,3662.15,10
VCAM1,629.1,10
VCP,4097.4,10
VCPIP1,4418.9,10
VEGFA,1934.35,10
VEZF1,825.95,10
VEZT,755.7,10
VGLL4,2902.65,10
VIM,2333.9,10
VIRMA,3253.2,10
VKORC1,4288.1,10
VMA21,3471.3,10
VMP1,3391.9,10
VOPP1,3903.45,10
VPS13B,2963.75,10
VPS13C,3111.35,10
VPS13D,3686.65,10
VPS25,2580.2,10
VPS26A,4549.65,10
VPS35L,1407.15,10
VPS37B,1131.55,10
VPS37C,1326.8,10
VPS39,235.4,10
VPS41,1489.7,10
VPS4A,3007.6,10
VPS52,1349.0,10
VPS72,1024.85,10
VSIR,2476.45,10
VTA1,4338.0,10
VTCN1,1899.15,10
VTI1B,4013.3,10
VWA1,4083.6,10
VWA2,585.8,10
VWA5A,2719.8,10
VWA8,1671.1,10
WAC,2680.5,10
WAPL,1747.6,10
WARS1,985.65,10
WASF2,2849.7,10
WASHC5,2555.1,10
WASL,1951.2,10
WBP1L,246.4,10
WDFY3,2241.3,10
WDR11,4229.15,10
WDR13,4054.2,10
WDR26,2261.7,10
WDR3,2002.65,10
WDR43,551.5,10
WDR45B,4079.3,10
WDR46,1955.85,10
WDR5,1471.95,10
WDR6,1229.9,10
WDR61,1738.55,10
WDR90,1215.2,10
WDTC1,2769.15,10
WFS1,115.1,10
WIPF1,3835.9,10
WIPF2,3878.65,10
WIPI2,1651.0,10
WIZ,3656.6,10
WNK2,2366.85,10
WNK4,206.6,10
WNT5A,2773.1,10
WNT7B,4028.15,10
WRNIP1,1446.85,10
WTAP,1730.5,10
WWC1,4501.0,10
WWC2,4066.3,10
WWP1,262.7,10
WWP2,1865.5,10
WWTR1,909.5,10
XDH,847.0,10
XIAP,1026.5,10
XPO1,1902.45,10
XPO5,923.1,10
XPO6,2632.65,10
XPO7,4183.85,10
XPOT,2961.5,10
XPR1,3289.9,10
XRCC6,1925.15,10
XRN1,3845.3,10
XYLT1,4383.3,10
XYLT2,2232.4,10
YAP1,3839.2,10
YARS1,623.0,10
YBX1,374.95,10
YBX3,528.9,10
YEATS2,151.65,10
YES1,654.75,10
YIF1B,2385.3,10
YIPF1,1195.2,10
YIPF2,2875.8,10
YIPF4,3800.6,10
YIPF5,1466.2,10
YIPF6,1565.25,10
YKT6,2868.85,10
YLPM1,2581.25,10
YME1L1,3675.8,10
YPEL2,1181.2,10
YPEL3,3003.5,10
YPEL5,2112.3,10
YTHDC1,1078.7,10
YTHDC2,269.8,10
YTHDF2,3043.85,10
YWHAB,2372.9,10
YWHAE,3954.0,10
YWHAG,3582.4,10
YWHAH,2413.4,10
YWHAQ,1359.4,10
YWHAZ,4444.1,10
ZADH2,2498.7,10
ZBED4,1604.8,10
ZBTB18,1400.85,10
ZBTB33,4555.5,10
ZBTB37,2645.0,10
ZBTB4,222.3,10
ZBTB41,1549.1,10
ZBTB42,505.4,10
ZBTB7B,2920.15,10
ZBTB7C,4018.4,10
ZC3H11A,2488.7,10
ZC3H13,2878.35,10
ZC3H15,1935.0,10
ZCCHC24,1550.15,10
ZDHHC20,3775.2,10
ZDHHC3,2215.0,10
ZDHHC9,3823.4,10
ZEB1,2263.55,10
ZER1,526.6,10
ZFAND3,3022.55,10
ZFAND5,2763.4,10
ZFAND6,1728.6,10
ZFHX3,3328.75,10
ZFP36L2,4537.05,10
ZFR,2798.3,10
ZFX,1583.05,10
ZFYVE16,236.5,10
ZFYVE21,2802.65,10
ZG16B,4319.65,10
ZHX1,4520.5,10
ZHX2,4477.35,10
ZKSCAN1,1658.2,10
ZMAT2,1665.1,10
ZMIZ1,3446.6,10
ZMIZ2,1872.1,10
ZMPSTE24,3428.5,10
ZMYM2,3301.95,10
ZMYND11,4286.6,10
ZMYND8,950.1,10
ZNF106,3502.25,10
ZNF107,2876.8,10
ZNF117,3763.3,10
ZNF121,2377.25,10
ZNF146,1897.6,10
ZNF148,3866.05,10
ZNF217,2339.65,10
ZNF24,1091.75,10
ZNF252P,4121.8,10
ZNF281,1222.1,10
ZNF292,4116.35,10
ZNF358,3843.65,10
ZNF385A,866.3,10
ZNF395,2242.55,10
ZNF43,1687.8,10
ZNF444,3108.0,10
ZNF462,374.5,10
ZNF469,2034.7,10
ZNF486,1067.2,10
ZNF496,2930.6,10
ZNF516,1391.2,10
ZNF521,1107.7,10
ZNF532,1215.5,10
ZNF552,57.1,10
ZNF587,531.75,10
ZNF598,2189.6,10
ZNF609,1390.95,10
ZNF629,1087.3,10
ZNF638,3811.15,10
ZNF644,2264.75,10
ZNF652,1510.1,10
ZNF655,2505.3,10
ZNF672,3639.05,10
ZNF687,4157.3,10
ZNF689,436.5,10
ZNF703,210.4,10
ZNF706,4357.3,10
ZNF740,541.9,10
ZNF768,2623.8,10
ZNF770,4181.45,10
ZNF83,2184.05,10
ZNF91,2464.95,10
ZNF92,503.75,10
ZNFX1,3466.6,10
ZNHIT1,4737.2,10
ZRANB2,3001.15,10
ZSCAN18,1378.4,10
ZSWIM8,3931.9,10
ZWINT,3590.8,10
ZYX,2672.0,10
ZZEF1,3379.4,10
